club_name,league,season,squad_value_m
Manchester City,Premier League,2019/2020,1.05
Liverpool FC,Premier League,2019/2020,1.0
Tottenham Hotspur,Premier League,2019/2020,806.8
Chelsea FC,Premier League,2019/2020,705.85
Manchester United,Premier League,2019/2020,670.45
Arsenal FC,Premier League,2019/2020,607.65
Everton FC,Premier League,2019/2020,420.55
Leicester City,Premier League,2019/2020,411.1
Wolverhampton Wanderers,Premier League,2019/2020,320.33
West Ham United,Premier League,2019/2020,303.6
AFC Bournemouth,Premier League,2019/2020,272.18
Newcastle United,Premier League,2019/2020,252.48
Aston Villa,Premier League,2019/2020,231.7
Southampton FC,Premier League,2019/2020,210.75
Brighton & Hove Albion,Premier League,2019/2020,200.78
Watford FC,Premier League,2019/2020,199.6
Crystal Palace,Premier League,2019/2020,189.33
Burnley FC,Premier League,2019/2020,163.88
Norwich City,Premier League,2019/2020,145.33
Sheffield United,Premier League,2019/2020,138.6
Manchester City,Premier League,2020/2021,1.04
Liverpool FC,Premier League,2020/2021,969.65
Chelsea FC,Premier League,2020/2021,889.2
Manchester United,Premier League,2020/2021,770.05
Tottenham Hotspur,Premier League,2020/2021,703.5
Arsenal FC,Premier League,2020/2021,619.25
Everton FC,Premier League,2020/2021,511.2
Leicester City,Premier League,2020/2021,510.6
Wolverhampton Wanderers,Premier League,2020/2021,450.3
Aston Villa,Premier League,2020/2021,430.7
West Ham United,Premier League,2020/2021,336.4
Brighton & Hove Albion,Premier League,2020/2021,290.4
Southampton FC,Premier League,2020/2021,282.8
Newcastle United,Premier League,2020/2021,255.35
Fulham FC,Premier League,2020/2021,239.75
Leeds United,Premier League,2020/2021,238.1
Crystal Palace,Premier League,2020/2021,193.85
Sheffield United,Premier League,2020/2021,149.85
West Bromwich Albion,Premier League,2020/2021,141.15
Burnley FC,Premier League,2020/2021,132.3
Manchester City,Premier League,2021/2022,1.0
Liverpool FC,Premier League,2021/2022,918.9
Chelsea FC,Premier League,2021/2022,914.5
Manchester United,Premier League,2021/2022,769.15
Tottenham Hotspur,Premier League,2021/2022,689.35
Arsenal FC,Premier League,2021/2022,613.05
Leicester City,Premier League,2021/2022,526.55
Aston Villa,Premier League,2021/2022,487.75
Everton FC,Premier League,2021/2022,479.05
Wolverhampton Wanderers,Premier League,2021/2022,376.95
West Ham United,Premier League,2021/2022,354.9
Brighton & Hove Albion,Premier League,2021/2022,318.0
Newcastle United,Premier League,2021/2022,313.9
Leeds United,Premier League,2021/2022,299.45
Southampton FC,Premier League,2021/2022,274.3
Brentford FC,Premier League,2021/2022,273.3
Crystal Palace,Premier League,2021/2022,271.05
Norwich City,Premier League,2021/2022,163.2
Watford FC,Premier League,2021/2022,156.2
Burnley FC,Premier League,2021/2022,137.85
Manchester City,Premier League,2022/2023,1.15
Arsenal FC,Premier League,2022/2023,1.0
Chelsea FC,Premier League,2022/2023,994.95
Manchester United,Premier League,2022/2023,847.75
Liverpool FC,Premier League,2022/2023,811.85
Tottenham Hotspur,Premier League,2022/2023,649.1
Newcastle United,Premier League,2022/2023,541.6
Brighton & Hove Albion,Premier League,2022/2023,529.8
Aston Villa,Premier League,2022/2023,509.55
Wolverhampton Wanderers,Premier League,2022/2023,497.65
Leicester City,Premier League,2022/2023,490.7
West Ham United,Premier League,2022/2023,465.6
Southampton FC,Premier League,2022/2023,419.95
Everton FC,Premier League,2022/2023,413.15
Nottingham Forest,Premier League,2022/2023,376.25
Brentford FC,Premier League,2022/2023,371.2
Leeds United,Premier League,2022/2023,345.15
Crystal Palace,Premier League,2022/2023,323.05
Fulham FC,Premier League,2022/2023,295.1
AFC Bournemouth,Premier League,2022/2023,287.2
Manchester City,Premier League,2023/2024,1.46
Arsenal FC,Premier League,2023/2024,1.2
Chelsea FC,Premier League,2023/2024,1.01
Liverpool FC,Premier League,2023/2024,955.65
Tottenham Hotspur,Premier League,2023/2024,838.5
Manchester United,Premier League,2023/2024,808.35
Aston Villa,Premier League,2023/2024,709.65
Newcastle United,Premier League,2023/2024,652.25
Brighton & Hove Albion,Premier League,2023/2024,524.4
Nottingham Forest,Premier League,2023/2024,501.35
West Ham United,Premier League,2023/2024,487.5
Crystal Palace,Premier League,2023/2024,446.58
Wolverhampton Wanderers,Premier League,2023/2024,442.73
Brentford FC,Premier League,2023/2024,428.78
AFC Bournemouth,Premier League,2023/2024,401.75
Everton FC,Premier League,2023/2024,391.75
Fulham FC,Premier League,2023/2024,384.35
Burnley FC,Premier League,2023/2024,273.48
Sheffield United,Premier League,2023/2024,152.35
Luton Town,Premier League,2023/2024,140.9
Manchester City,Premier League,2024/2025,1.36
Chelsea FC,Premier League,2024/2025,1.19
Arsenal FC,Premier League,2024/2025,1.16
Liverpool FC,Premier League,2024/2025,950.95
Manchester United,Premier League,2024/2025,825.0
Tottenham Hotspur,Premier League,2024/2025,777.3
Aston Villa,Premier League,2024/2025,680.55
Newcastle United,Premier League,2024/2025,677.53
Brighton & Hove Albion,Premier League,2024/2025,667.58
Crystal Palace,Premier League,2024/2025,526.85
AFC Bournemouth,Premier League,2024/2025,518.6
Nottingham Forest,Premier League,2024/2025,481.3
Wolverhampton Wanderers,Premier League,2024/2025,433.05
Brentford FC,Premier League,2024/2025,427.85
West Ham United,Premier League,2024/2025,400.7
Everton FC,Premier League,2024/2025,363.23
Fulham FC,Premier League,2024/2025,362.35
Southampton FC,Premier League,2024/2025,310.05
Ipswich Town,Premier League,2024/2025,270.1
Leicester City,Premier League,2024/2025,253.35
FC Barcelona,La Liga,2019/2020,930.28
Real Madrid,La Liga,2019/2020,913.75
Atlético de Madrid,La Liga,2019/2020,720.15
Valencia CF,La Liga,2019/2020,427.8
Real Sociedad,La Liga,2019/2020,347.55
Sevilla FC,La Liga,2019/2020,294.75
Real Betis Balompié,La Liga,2019/2020,244.35
Athletic Bilbao,La Liga,2019/2020,211.75
Villarreal CF,La Liga,2019/2020,208.68
Getafe CF,La Liga,2019/2020,175.45
Celta de Vigo,La Liga,2019/2020,167.0
RCD Espanyol Barcelona,La Liga,2019/2020,156.05
CD Leganés,La Liga,2019/2020,109.7
Deportivo Alavés,La Liga,2019/2020,106.75
Levante UD,La Liga,2019/2020,90.5
Real Valladolid CF,La Liga,2019/2020,87.78
RCD Mallorca,La Liga,2019/2020,64.68
CA Osasuna,La Liga,2019/2020,62.78
Granada CF,La Liga,2019/2020,56.58
SD Eibar,La Liga,2019/2020,53.75
FC Barcelona,La Liga,2020/2021,813.5
Real Madrid,La Liga,2020/2021,787.3
Atlético de Madrid,La Liga,2020/2021,773.1
Sevilla FC,La Liga,2020/2021,418.25
Real Sociedad,La Liga,2020/2021,406.6
Villarreal CF,La Liga,2020/2021,292.6
Valencia CF,La Liga,2020/2021,278.85
Real Betis Balompié,La Liga,2020/2021,207.7
Athletic Bilbao,La Liga,2020/2021,204.15
Getafe CF,La Liga,2020/2021,170.1
Celta de Vigo,La Liga,2020/2021,155.85
Granada CF,La Liga,2020/2021,122.65
Levante UD,La Liga,2020/2021,113.0
CA Osasuna,La Liga,2020/2021,96.75
SD Eibar,La Liga,2020/2021,83.4
Deportivo Alavés,La Liga,2020/2021,79.8
SD Huesca,La Liga,2020/2021,64.1
Real Valladolid CF,La Liga,2020/2021,63.35
Cádiz CF,La Liga,2020/2021,47.65
Elche CF,La Liga,2020/2021,45.65
Real Madrid,La Liga,2021/2022,770.75
FC Barcelona,La Liga,2021/2022,735.6
Atlético de Madrid,La Liga,2021/2022,661.8
Villarreal CF,La Liga,2021/2022,408.9
Sevilla FC,La Liga,2021/2022,385.0
Real Sociedad,La Liga,2021/2022,376.95
Valencia CF,La Liga,2021/2022,310.6
Real Betis Balompié,La Liga,2021/2022,259.0
Athletic Bilbao,La Liga,2021/2022,226.05
Getafe CF,La Liga,2021/2022,208.68
RCD Espanyol Barcelona,La Liga,2021/2022,131.6
Celta de Vigo,La Liga,2021/2022,120.0
CA Osasuna,La Liga,2021/2022,108.45
Granada CF,La Liga,2021/2022,103.75
Levante UD,La Liga,2021/2022,77.9
RCD Mallorca,La Liga,2021/2022,74.15
Elche CF,La Liga,2021/2022,72.98
Cádiz CF,La Liga,2021/2022,67.8
Rayo Vallecano,La Liga,2021/2022,67.2
Deportivo Alavés,La Liga,2021/2022,65.35
Real Madrid,La Liga,2022/2023,923.45
FC Barcelona,La Liga,2022/2023,836.8
Atlético de Madrid,La Liga,2022/2023,534.3
Real Sociedad,La Liga,2022/2023,441.7
Villarreal CF,La Liga,2022/2023,363.5
Valencia CF,La Liga,2022/2023,249.78
Real Betis Balompié,La Liga,2022/2023,246.4
Sevilla FC,La Liga,2022/2023,232.58
Athletic Bilbao,La Liga,2022/2023,222.45
CA Osasuna,La Liga,2022/2023,150.05
Girona FC,La Liga,2022/2023,139.9
Celta de Vigo,La Liga,2022/2023,138.8
Getafe CF,La Liga,2022/2023,118.9
RCD Espanyol Barcelona,La Liga,2022/2023,116.5
UD Almería,La Liga,2022/2023,114.2
RCD Mallorca,La Liga,2022/2023,107.0
Rayo Vallecano,La Liga,2022/2023,103.4
Real Valladolid CF,La Liga,2022/2023,90.75
Elche CF,La Liga,2022/2023,67.5
Cádiz CF,La Liga,2022/2023,65.6
Real Madrid,La Liga,2023/2024,1.14
FC Barcelona,La Liga,2023/2024,916.2
Real Sociedad,La Liga,2023/2024,498.5
Atlético de Madrid,La Liga,2023/2024,458.45
Girona FC,La Liga,2023/2024,297.9
Athletic Bilbao,La Liga,2023/2024,295.65
Villarreal CF,La Liga,2023/2024,252.5
Valencia CF,La Liga,2023/2024,244.73
Sevilla FC,La Liga,2023/2024,228.75
Real Betis Balompié,La Liga,2023/2024,224.88
Celta de Vigo,La Liga,2023/2024,149.3
Granada CF,La Liga,2023/2024,141.1
Getafe CF,La Liga,2023/2024,133.0
Deportivo Alavés,La Liga,2023/2024,123.7
UD Las Palmas,La Liga,2023/2024,112.4
CA Osasuna,La Liga,2023/2024,105.35
UD Almería,La Liga,2023/2024,99.4
RCD Mallorca,La Liga,2023/2024,87.7
Rayo Vallecano,La Liga,2023/2024,63.95
Cádiz CF,La Liga,2023/2024,60.7
Real Madrid,La Liga,2024/2025,1.35
FC Barcelona,La Liga,2024/2025,1.08
Atlético de Madrid,La Liga,2024/2025,542.5
Athletic Bilbao,La Liga,2024/2025,375.35
Real Sociedad,La Liga,2024/2025,345.05
Real Betis Balompié,La Liga,2024/2025,291.7
Villarreal CF,La Liga,2024/2025,264.25
Valencia CF,La Liga,2024/2025,215.55
Sevilla FC,La Liga,2024/2025,183.9
Girona FC,La Liga,2024/2025,153.1
Celta de Vigo,La Liga,2024/2025,130.9
UD Las Palmas,La Liga,2024/2025,117.3
RCD Espanyol Barcelona,La Liga,2024/2025,116.98
CA Osasuna,La Liga,2024/2025,113.28
Deportivo Alavés,La Liga,2024/2025,92.35
Getafe CF,La Liga,2024/2025,87.7
RCD Mallorca,La Liga,2024/2025,84.88
Real Valladolid CF,La Liga,2024/2025,81.45
Rayo Vallecano,La Liga,2024/2025,68.0
CD Leganés,La Liga,2024/2025,47.98
Bayern Munich,Bundesliga,2019/2020,777.33
Borussia Dortmund,Bundesliga,2019/2020,654.05
RB Leipzig,Bundesliga,2019/2020,570.48
Bayer 04 Leverkusen,Bundesliga,2019/2020,398.95
Borussia Mönchengladbach,Bundesliga,2019/2020,254.7
TSG 1899 Hoffenheim,Bundesliga,2019/2020,226.05
FC Schalke 04,Bundesliga,2019/2020,221.58
Hertha BSC,Bundesliga,2019/2020,217.2
Eintracht Frankfurt,Bundesliga,2019/2020,208.98
VfL Wolfsburg,Bundesliga,2019/2020,207.6
SV Werder Bremen,Bundesliga,2019/2020,135.13
SC Freiburg,Bundesliga,2019/2020,122.65
1.FSV Mainz 05,Bundesliga,2019/2020,121.58
FC Augsburg,Bundesliga,2019/2020,112.95
1.FC Köln,Bundesliga,2019/2020,98.48
Fortuna Düsseldorf,Bundesliga,2019/2020,71.78
1.FC Union Berlin,Bundesliga,2019/2020,41.2
SC Paderborn 07,Bundesliga,2019/2020,28.9
Bayern Munich,Bundesliga,2020/2021,858.23
Borussia Dortmund,Bundesliga,2020/2021,628.4
RB Leipzig,Bundesliga,2020/2021,574.95
Bayer 04 Leverkusen,Bundesliga,2020/2021,373.25
Borussia Mönchengladbach,Bundesliga,2020/2021,300.75
Eintracht Frankfurt,Bundesliga,2020/2021,269.15
VfL Wolfsburg,Bundesliga,2020/2021,256.83
Hertha BSC,Bundesliga,2020/2021,228.88
TSG 1899 Hoffenheim,Bundesliga,2020/2021,228.15
VfB Stuttgart,Bundesliga,2020/2021,189.25
1.FSV Mainz 05,Bundesliga,2020/2021,163.3
SC Freiburg,Bundesliga,2020/2021,139.1
FC Schalke 04,Bundesliga,2020/2021,123.05
1.FC Köln,Bundesliga,2020/2021,118.2
SV Werder Bremen,Bundesliga,2020/2021,111.98
FC Augsburg,Bundesliga,2020/2021,93.05
1.FC Union Berlin,Bundesliga,2020/2021,82.05
Arminia Bielefeld,Bundesliga,2020/2021,56.73
Bayern Munich,Bundesliga,2021/2022,790.33
Borussia Dortmund,Bundesliga,2021/2022,558.98
RB Leipzig,Bundesliga,2021/2022,498.95
Bayer 04 Leverkusen,Bundesliga,2021/2022,455.05
VfL Wolfsburg,Bundesliga,2021/2022,269.3
Borussia Mönchengladbach,Bundesliga,2021/2022,236.8
Eintracht Frankfurt,Bundesliga,2021/2022,228.75
TSG 1899 Hoffenheim,Bundesliga,2021/2022,211.43
SC Freiburg,Bundesliga,2021/2022,176.35
VfB Stuttgart,Bundesliga,2021/2022,174.23
Hertha BSC,Bundesliga,2021/2022,155.78
1.FSV Mainz 05,Bundesliga,2021/2022,131.03
1.FC Union Berlin,Bundesliga,2021/2022,115.9
1.FC Köln,Bundesliga,2021/2022,99.28
FC Augsburg,Bundesliga,2021/2022,95.3
Arminia Bielefeld,Bundesliga,2021/2022,65.85
VfL Bochum,Bundesliga,2021/2022,52.25
SpVgg Greuther Fürth,Bundesliga,2021/2022,36.95
Bayern Munich,Bundesliga,2022/2023,948.95
Borussia Dortmund,Bundesliga,2022/2023,567.55
RB Leipzig,Bundesliga,2022/2023,486.4
Bayer 04 Leverkusen,Bundesliga,2022/2023,452.5
Eintracht Frankfurt,Bundesliga,2022/2023,324.55
Borussia Mönchengladbach,Bundesliga,2022/2023,241.68
VfL Wolfsburg,Bundesliga,2022/2023,238.3
SC Freiburg,Bundesliga,2022/2023,200.95
TSG 1899 Hoffenheim,Bundesliga,2022/2023,178.8
1.FC Union Berlin,Bundesliga,2022/2023,157.95
VfB Stuttgart,Bundesliga,2022/2023,151.05
1.FSV Mainz 05,Bundesliga,2022/2023,135.9
FC Augsburg,Bundesliga,2022/2023,132.23
1.FC Köln,Bundesliga,2022/2023,115.65
Hertha BSC,Bundesliga,2022/2023,94.0
SV Werder Bremen,Bundesliga,2022/2023,89.5
FC Schalke 04,Bundesliga,2022/2023,87.78
VfL Bochum,Bundesliga,2022/2023,53.7
Bayern Munich,Bundesliga,2023/2024,965.15
Bayer 04 Leverkusen,Bundesliga,2023/2024,658.35
RB Leipzig,Bundesliga,2023/2024,545.4
Borussia Dortmund,Bundesliga,2023/2024,494.8
VfB Stuttgart,Bundesliga,2023/2024,346.63
Eintracht Frankfurt,Bundesliga,2023/2024,326.65
VfL Wolfsburg,Bundesliga,2023/2024,206.45
SC Freiburg,Bundesliga,2023/2024,180.35
TSG 1899 Hoffenheim,Bundesliga,2023/2024,176.0
Borussia Mönchengladbach,Bundesliga,2023/2024,165.23
1.FC Union Berlin,Bundesliga,2023/2024,160.95
1.FSV Mainz 05,Bundesliga,2023/2024,142.88
FC Augsburg,Bundesliga,2023/2024,140.8
SV Werder Bremen,Bundesliga,2023/2024,134.93
1.FC Köln,Bundesliga,2023/2024,81.45
1.FC Heidenheim 1846,Bundesliga,2023/2024,66.45
VfL Bochum,Bundesliga,2023/2024,64.53
SV Darmstadt 98,Bundesliga,2023/2024,38.7
Bayern Munich,Bundesliga,2024/2025,953.55
Bayer 04 Leverkusen,Bundesliga,2024/2025,623.35
RB Leipzig,Bundesliga,2024/2025,513.7
Borussia Dortmund,Bundesliga,2024/2025,508.28
Eintracht Frankfurt,Bundesliga,2024/2025,431.25
VfB Stuttgart,Bundesliga,2024/2025,365.23
VfL Wolfsburg,Bundesliga,2024/2025,296.3
Borussia Mönchengladbach,Bundesliga,2024/2025,187.5
TSG 1899 Hoffenheim,Bundesliga,2024/2025,187.1
SC Freiburg,Bundesliga,2024/2025,186.2
1.FSV Mainz 05,Bundesliga,2024/2025,175.13
FC Augsburg,Bundesliga,2024/2025,158.88
1.FC Union Berlin,Bundesliga,2024/2025,136.05
SV Werder Bremen,Bundesliga,2024/2025,132.0
1.FC Heidenheim 1846,Bundesliga,2024/2025,72.53
FC St. Pauli,Bundesliga,2024/2025,65.78
VfL Bochum,Bundesliga,2024/2025,57.1
Holstein Kiel,Bundesliga,2024/2025,47.13
Juventus FC,Serie A,2019/2020,661.88
Inter Milan,Serie A,2019/2020,606.05
SSC Napoli,Serie A,2019/2020,548.28
AC Milan,Serie A,2019/2020,404.33
AS Roma,Serie A,2019/2020,392.73
SS Lazio,Serie A,2019/2020,303.88
ACF Fiorentina,Serie A,2019/2020,302.23
Atalanta BC,Serie A,2019/2020,291.43
US Sassuolo,Serie A,2019/2020,167.98
Cagliari Calcio,Serie A,2019/2020,167.83
Torino FC,Serie A,2019/2020,163.55
Genoa CFC,Serie A,2019/2020,142.38
UC Sampdoria,Serie A,2019/2020,135.28
Bologna FC 1909,Serie A,2019/2020,129.65
Parma Calcio 1913,Serie A,2019/2020,128.75
Udinese Calcio,Serie A,2019/2020,121.08
Hellas Verona,Serie A,2019/2020,112.53
Brescia Calcio (- 2025),Serie A,2019/2020,83.23
SPAL,Serie A,2019/2020,73.63
US Lecce,Serie A,2019/2020,52.33
Inter Milan,Serie A,2020/2021,663.9
Juventus FC,Serie A,2020/2021,633.3
AC Milan,Serie A,2020/2021,547.78
SSC Napoli,Serie A,2020/2021,530.2
Atalanta BC,Serie A,2020/2021,430.0
AS Roma,Serie A,2020/2021,395.65
SS Lazio,Serie A,2020/2021,326.33
ACF Fiorentina,Serie A,2020/2021,286.8
US Sassuolo,Serie A,2020/2021,241.74
Cagliari Calcio,Serie A,2020/2021,187.83
Torino FC,Serie A,2020/2021,175.28
Udinese Calcio,Serie A,2020/2021,173.0
Hellas Verona,Serie A,2020/2021,157.21
Bologna FC 1909,Serie A,2020/2021,153.6
Parma Calcio 1913,Serie A,2020/2021,128.7
UC Sampdoria,Serie A,2020/2021,127.18
Genoa CFC,Serie A,2020/2021,111.93
Spezia Calcio,Serie A,2020/2021,71.68
FC Crotone,Serie A,2020/2021,52.75
Benevento Calcio,Serie A,2020/2021,50.13
Juventus FC,Serie A,2021/2022,642.5
Inter Milan,Serie A,2021/2022,558.55
AC Milan,Serie A,2021/2022,546.95
SSC Napoli,Serie A,2021/2022,477.23
Atalanta BC,Serie A,2021/2022,398.75
AS Roma,Serie A,2021/2022,381.25
ACF Fiorentina,Serie A,2021/2022,325.8
SS Lazio,Serie A,2021/2022,264.53
US Sassuolo,Serie A,2021/2022,251.0
Torino FC,Serie A,2021/2022,223.4
Bologna FC 1909,Serie A,2021/2022,186.2
Hellas Verona,Serie A,2021/2022,162.98
Udinese Calcio,Serie A,2021/2022,142.3
Cagliari Calcio,Serie A,2021/2022,134.53
UC Sampdoria,Serie A,2021/2022,128.55
FC Empoli,Serie A,2021/2022,126.5
Genoa CFC,Serie A,2021/2022,121.28
Venezia FC,Serie A,2021/2022,80.98
Spezia Calcio,Serie A,2021/2022,78.5
US Salernitana 1919,Serie A,2021/2022,70.56
SSC Napoli,Serie A,2022/2023,654.08
Inter Milan,Serie A,2022/2023,567.55
AC Milan,Serie A,2022/2023,545.1
Juventus FC,Serie A,2022/2023,483.13
AS Roma,Serie A,2022/2023,361.38
Atalanta BC,Serie A,2022/2023,338.38
SS Lazio,Serie A,2022/2023,266.43
ACF Fiorentina,Serie A,2022/2023,258.8
US Sassuolo,Serie A,2022/2023,232.2
Torino FC,Serie A,2022/2023,197.19
Udinese Calcio,Serie A,2022/2023,188.86
Bologna FC 1909,Serie A,2022/2023,153.63
AC Monza,Serie A,2022/2023,135.7
FC Empoli,Serie A,2022/2023,125.53
Hellas Verona,Serie A,2022/2023,123.89
US Salernitana 1919,Serie A,2022/2023,118.35
Spezia Calcio,Serie A,2022/2023,115.81
US Lecce,Serie A,2022/2023,105.2
US Cremonese,Serie A,2022/2023,83.78
UC Sampdoria,Serie A,2022/2023,82.96
Inter Milan,Serie A,2023/2024,654.85
AC Milan,Serie A,2023/2024,571.41
SSC Napoli,Serie A,2023/2024,515.0
Juventus FC,Serie A,2023/2024,504.53
Atalanta BC,Serie A,2023/2024,436.05
Bologna FC 1909,Serie A,2023/2024,349.3
AS Roma,Serie A,2023/2024,340.4
ACF Fiorentina,Serie A,2023/2024,284.1
Torino FC,Serie A,2023/2024,232.73
SS Lazio,Serie A,2023/2024,225.45
Genoa CFC,Serie A,2023/2024,195.4
Udinese Calcio,Serie A,2023/2024,170.06
AC Monza,Serie A,2023/2024,143.43
Hellas Verona,Serie A,2023/2024,140.7
US Sassuolo,Serie A,2023/2024,139.54
Frosinone Calcio,Serie A,2023/2024,108.4
US Lecce,Serie A,2023/2024,107.73
FC Empoli,Serie A,2023/2024,102.33
US Salernitana 1919,Serie A,2023/2024,94.6
Cagliari Calcio,Serie A,2023/2024,92.23
Inter Milan,Serie A,2024/2025,741.85
Juventus FC,Serie A,2024/2025,628.73
AC Milan,Serie A,2024/2025,581.7
Atalanta BC,Serie A,2024/2025,501.2
SSC Napoli,Serie A,2024/2025,500.45
AS Roma,Serie A,2024/2025,390.3
ACF Fiorentina,Serie A,2024/2025,368.13
Bologna FC 1909,Serie A,2024/2025,340.65
SS Lazio,Serie A,2024/2025,294.9
Torino FC,Serie A,2024/2025,219.28
Como 1907,Serie A,2024/2025,203.43
Udinese Calcio,Serie A,2024/2025,198.9
Genoa CFC,Serie A,2024/2025,175.35
Parma Calcio 1913,Serie A,2024/2025,175.11
US Lecce,Serie A,2024/2025,113.43
Hellas Verona,Serie A,2024/2025,107.35
FC Empoli,Serie A,2024/2025,106.58
AC Monza,Serie A,2024/2025,95.83
Venezia FC,Serie A,2024/2025,95.6
Cagliari Calcio,Serie A,2024/2025,93.63
Paris Saint-Germain,Ligue 1,2019/2020,874.15
Olympique Lyon,Ligue 1,2019/2020,384.55
AS Monaco,Ligue 1,2019/2020,331.03
LOSC Lille,Ligue 1,2019/2020,247.78
Olympique Marseille,Ligue 1,2019/2020,216.15
OGC Nice,Ligue 1,2019/2020,173.45
Stade Rennais FC,Ligue 1,2019/2020,171.88
FC Girondins Bordeaux,Ligue 1,2019/2020,125.35
FC Nantes,Ligue 1,2019/2020,106.15
AS Saint-Étienne,Ligue 1,2019/2020,104.83
RC Strasbourg Alsace,Ligue 1,2019/2020,91.13
Angers SCO,Ligue 1,2019/2020,89.48
Montpellier HSC,Ligue 1,2019/2020,81.68
Stade Reims,Ligue 1,2019/2020,81.68
FC Toulouse,Ligue 1,2019/2020,71.88
Amiens SC,Ligue 1,2019/2020,61.93
FC Metz,Ligue 1,2019/2020,54.1
Dijon FCO,Ligue 1,2019/2020,50.23
Nîmes Olympique,Ligue 1,2019/2020,49.65
Stade Brestois 29,Ligue 1,2019/2020,47.78
Paris Saint-Germain,Ligue 1,2020/2021,805.0
Olympique Lyon,Ligue 1,2020/2021,431.35
AS Monaco,Ligue 1,2020/2021,370.35
LOSC Lille,Ligue 1,2020/2021,323.2
Stade Rennais FC,Ligue 1,2020/2021,297.5
Olympique Marseille,Ligue 1,2020/2021,247.95
OGC Nice,Ligue 1,2020/2021,236.1
AS Saint-Étienne,Ligue 1,2020/2021,154.5
Montpellier HSC,Ligue 1,2020/2021,113.85
Angers SCO,Ligue 1,2020/2021,111.65
RC Strasbourg Alsace,Ligue 1,2020/2021,109.65
FC Girondins Bordeaux,Ligue 1,2020/2021,105.7
Stade Reims,Ligue 1,2020/2021,105.18
RC Lens,Ligue 1,2020/2021,104.3
FC Metz,Ligue 1,2020/2021,103.5
Stade Brestois 29,Ligue 1,2020/2021,103.23
FC Nantes,Ligue 1,2020/2021,94.75
FC Lorient,Ligue 1,2020/2021,72.88
Dijon FCO,Ligue 1,2020/2021,65.63
Nîmes Olympique,Ligue 1,2020/2021,60.4
Paris Saint-Germain,Ligue 1,2021/2022,875.15
Olympique Lyon,Ligue 1,2021/2022,397.7
AS Monaco,Ligue 1,2021/2022,396.0
LOSC Lille,Ligue 1,2021/2022,306.88
Stade Rennais FC,Ligue 1,2021/2022,305.35
Olympique Marseille,Ligue 1,2021/2022,284.7
OGC Nice,Ligue 1,2021/2022,266.05
RC Lens,Ligue 1,2021/2022,154.05
Stade Reims,Ligue 1,2021/2022,149.4
Montpellier HSC,Ligue 1,2021/2022,144.6
RC Strasbourg Alsace,Ligue 1,2021/2022,120.05
FC Girondins Bordeaux,Ligue 1,2021/2022,116.85
FC Nantes,Ligue 1,2021/2022,112.65
AS Saint-Étienne,Ligue 1,2021/2022,105.65
Stade Brestois 29,Ligue 1,2021/2022,103.15
FC Metz,Ligue 1,2021/2022,91.05
Angers SCO,Ligue 1,2021/2022,89.5
ESTAC Troyes,Ligue 1,2021/2022,73.2
FC Lorient,Ligue 1,2021/2022,61.3
Clermont Foot 63,Ligue 1,2021/2022,55.1
Paris Saint-Germain,Ligue 1,2022/2023,891.1
Stade Rennais FC,Ligue 1,2022/2023,387.75
AS Monaco,Ligue 1,2022/2023,368.3
Olympique Lyon,Ligue 1,2022/2023,350.95
Olympique Marseille,Ligue 1,2022/2023,331.55
OGC Nice,Ligue 1,2022/2023,310.8
LOSC Lille,Ligue 1,2022/2023,247.95
RC Lens,Ligue 1,2022/2023,238.2
FC Lorient,Ligue 1,2022/2023,175.45
Stade Reims,Ligue 1,2022/2023,159.05
Montpellier HSC,Ligue 1,2022/2023,142.9
RC Strasbourg Alsace,Ligue 1,2022/2023,123.55
FC Nantes,Ligue 1,2022/2023,119.28
FC Toulouse,Ligue 1,2022/2023,104.8
Stade Brestois 29,Ligue 1,2022/2023,76.65
ESTAC Troyes,Ligue 1,2022/2023,76.3
Angers SCO,Ligue 1,2022/2023,71.8
AJ Auxerre,Ligue 1,2022/2023,54.8
Clermont Foot 63,Ligue 1,2022/2023,48.0
AC Ajaccio,Ligue 1,2022/2023,27.0
Paris Saint-Germain,Ligue 1,2023/2024,1.02
AS Monaco,Ligue 1,2023/2024,398.55
Stade Rennais FC,Ligue 1,2023/2024,375.35
LOSC Lille,Ligue 1,2023/2024,328.9
Olympique Marseille,Ligue 1,2023/2024,311.4
Olympique Lyon,Ligue 1,2023/2024,305.95
OGC Nice,Ligue 1,2023/2024,268.78
RC Lens,Ligue 1,2023/2024,205.6
RC Strasbourg Alsace,Ligue 1,2023/2024,157.7
Montpellier HSC,Ligue 1,2023/2024,145.58
FC Toulouse,Ligue 1,2023/2024,145.2
Stade Reims,Ligue 1,2023/2024,134.55
FC Lorient,Ligue 1,2023/2024,131.85
FC Nantes,Ligue 1,2023/2024,125.9
Stade Brestois 29,Ligue 1,2023/2024,115.15
Le Havre AC,Ligue 1,2023/2024,72.5
FC Metz,Ligue 1,2023/2024,65.4
Clermont Foot 63,Ligue 1,2023/2024,61.35
Paris Saint-Germain,Ligue 1,2024/2025,1.14
AS Monaco,Ligue 1,2024/2025,411.15
Olympique Marseille,Ligue 1,2024/2025,358.0
LOSC Lille,Ligue 1,2024/2025,336.6
Olympique Lyon,Ligue 1,2024/2025,309.85
RC Strasbourg Alsace,Ligue 1,2024/2025,307.85
Stade Rennais FC,Ligue 1,2024/2025,294.7
OGC Nice,Ligue 1,2024/2025,227.05
RC Lens,Ligue 1,2024/2025,221.45
Stade Reims,Ligue 1,2024/2025,152.5
FC Toulouse,Ligue 1,2024/2025,121.6
FC Nantes,Ligue 1,2024/2025,114.65
Stade Brestois 29,Ligue 1,2024/2025,110.65
AJ Auxerre,Ligue 1,2024/2025,86.9
AS Saint-Étienne,Ligue 1,2024/2025,81.6
Le Havre AC,Ligue 1,2024/2025,70.55
Montpellier HSC,Ligue 1,2024/2025,65.85
Angers SCO,Ligue 1,2024/2025,51.65
Ajax Amsterdam,Eredivisie,2019/2020,400.4
PSV Eindhoven,Eredivisie,2019/2020,219.58
AZ Alkmaar,Eredivisie,2019/2020,130.05
Feyenoord Rotterdam,Eredivisie,2019/2020,102.73
FC Utrecht,Eredivisie,2019/2020,48.58
Vitesse Arnhem,Eredivisie,2019/2020,30.53
FC Groningen,Eredivisie,2019/2020,30.4
SC Heerenveen,Eredivisie,2019/2020,26.75
Heracles Almelo,Eredivisie,2019/2020,22.48
Willem II Tilburg,Eredivisie,2019/2020,21.8
FC Twente Enschede,Eredivisie,2019/2020,21.28
ADO Den Haag,Eredivisie,2019/2020,19.4
PEC Zwolle,Eredivisie,2019/2020,16.5
Sparta Rotterdam,Eredivisie,2019/2020,15.5
FC Emmen,Eredivisie,2019/2020,13.23
Fortuna Sittard,Eredivisie,2019/2020,13.08
VVV-Venlo,Eredivisie,2019/2020,12.03
RKC Waalwijk,Eredivisie,2019/2020,10.78
Ajax Amsterdam,Eredivisie,2020/2021,428.1
PSV Eindhoven,Eredivisie,2020/2021,204.58
AZ Alkmaar,Eredivisie,2020/2021,135.53
Feyenoord Rotterdam,Eredivisie,2020/2021,108.38
FC Utrecht,Eredivisie,2020/2021,46.63
FC Groningen,Eredivisie,2020/2021,34.05
Vitesse Arnhem,Eredivisie,2020/2021,31.5
SC Heerenveen,Eredivisie,2020/2021,30.95
FC Twente Enschede,Eredivisie,2020/2021,28.35
Willem II Tilburg,Eredivisie,2020/2021,21.35
Fortuna Sittard,Eredivisie,2020/2021,18.55
PEC Zwolle,Eredivisie,2020/2021,17.65
Heracles Almelo,Eredivisie,2020/2021,17.58
Sparta Rotterdam,Eredivisie,2020/2021,16.43
ADO Den Haag,Eredivisie,2020/2021,15.98
FC Emmen,Eredivisie,2020/2021,14.63
VVV-Venlo,Eredivisie,2020/2021,13.73
RKC Waalwijk,Eredivisie,2020/2021,11.63
Ajax Amsterdam,Eredivisie,2021/2022,386.05
PSV Eindhoven,Eredivisie,2021/2022,210.78
Feyenoord Rotterdam,Eredivisie,2021/2022,180.38
AZ Alkmaar,Eredivisie,2021/2022,99.23
Vitesse Arnhem,Eredivisie,2021/2022,47.1
FC Utrecht,Eredivisie,2021/2022,46.6
FC Groningen,Eredivisie,2021/2022,43.35
SC Heerenveen,Eredivisie,2021/2022,41.25
FC Twente Enschede,Eredivisie,2021/2022,35.28
Sparta Rotterdam,Eredivisie,2021/2022,20.93
Heracles Almelo,Eredivisie,2021/2022,18.35
Fortuna Sittard,Eredivisie,2021/2022,18.08
Willem II Tilburg,Eredivisie,2021/2022,15.6
NEC Nijmegen,Eredivisie,2021/2022,14.28
PEC Zwolle,Eredivisie,2021/2022,14.23
Go Ahead Eagles,Eredivisie,2021/2022,12.93
SC Cambuur Leeuwarden,Eredivisie,2021/2022,12.45
RKC Waalwijk,Eredivisie,2021/2022,11.95
Ajax Amsterdam,Eredivisie,2022/2023,390.38
PSV Eindhoven,Eredivisie,2022/2023,315.65
Feyenoord Rotterdam,Eredivisie,2022/2023,267.8
AZ Alkmaar,Eredivisie,2022/2023,135.93
FC Twente Enschede,Eredivisie,2022/2023,62.25
FC Utrecht,Eredivisie,2022/2023,56.2
SC Heerenveen,Eredivisie,2022/2023,51.1
FC Groningen,Eredivisie,2022/2023,48.78
Vitesse Arnhem,Eredivisie,2022/2023,43.7
Sparta Rotterdam,Eredivisie,2022/2023,33.68
Fortuna Sittard,Eredivisie,2022/2023,25.4
NEC Nijmegen,Eredivisie,2022/2023,24.0
FC Volendam,Eredivisie,2022/2023,17.43
Go Ahead Eagles,Eredivisie,2022/2023,16.1
Excelsior Rotterdam,Eredivisie,2022/2023,15.85
SC Cambuur Leeuwarden,Eredivisie,2022/2023,15.6
FC Emmen,Eredivisie,2022/2023,14.73
RKC Waalwijk,Eredivisie,2022/2023,13.63
PSV Eindhoven,Eredivisie,2023/2024,373.7
Feyenoord Rotterdam,Eredivisie,2023/2024,338.0
Ajax Amsterdam,Eredivisie,2023/2024,327.65
AZ Alkmaar,Eredivisie,2023/2024,131.15
FC Twente Enschede,Eredivisie,2023/2024,85.78
FC Utrecht,Eredivisie,2023/2024,69.28
NEC Nijmegen,Eredivisie,2023/2024,44.3
SC Heerenveen,Eredivisie,2023/2024,38.78
Sparta Rotterdam,Eredivisie,2023/2024,35.88
Fortuna Sittard,Eredivisie,2023/2024,35.03
Vitesse Arnhem,Eredivisie,2023/2024,32.35
Excelsior Rotterdam,Eredivisie,2023/2024,26.43
Go Ahead Eagles,Eredivisie,2023/2024,25.78
PEC Zwolle,Eredivisie,2023/2024,21.18
Almere City FC,Eredivisie,2023/2024,19.6
Heracles Almelo,Eredivisie,2023/2024,16.3
FC Volendam,Eredivisie,2023/2024,15.53
RKC Waalwijk,Eredivisie,2023/2024,14.85
Feyenoord Rotterdam,Eredivisie,2024/2025,349.38
PSV Eindhoven,Eredivisie,2024/2025,332.8
Ajax Amsterdam,Eredivisie,2024/2025,274.3
AZ Alkmaar,Eredivisie,2024/2025,133.2
FC Twente Enschede,Eredivisie,2024/2025,91.1
FC Utrecht,Eredivisie,2024/2025,70.63
SC Heerenveen,Eredivisie,2024/2025,48.95
Sparta Rotterdam,Eredivisie,2024/2025,46.93
Go Ahead Eagles,Eredivisie,2024/2025,45.35
NEC Nijmegen,Eredivisie,2024/2025,41.25
FC Groningen,Eredivisie,2024/2025,34.33
PEC Zwolle,Eredivisie,2024/2025,28.05
Fortuna Sittard,Eredivisie,2024/2025,23.45
NAC Breda,Eredivisie,2024/2025,23.25
Heracles Almelo,Eredivisie,2024/2025,20.25
Almere City FC,Eredivisie,2024/2025,17.03
Willem II Tilburg,Eredivisie,2024/2025,15.8
RKC Waalwijk,Eredivisie,2024/2025,11.95
SL Benfica,Primeira Liga,2019/2020,312.7
FC Porto,Primeira Liga,2019/2020,224.45
Sporting CP,Primeira Liga,2019/2020,175.53
SC Braga,Primeira Liga,2019/2020,102.9
Vitória Guimarães SC,Primeira Liga,2019/2020,65.15
FC Famalicão,Primeira Liga,2019/2020,38.95
Portimonense SAD,Primeira Liga,2019/2020,23.0
Rio Ave FC,Primeira Liga,2019/2020,20.95
CS Marítimo,Primeira Liga,2019/2020,16.25
B SAD,Primeira Liga,2019/2020,15.08
Boavista FC,Primeira Liga,2019/2020,14.78
CD Santa Clara,Primeira Liga,2019/2020,14.7
Moreirense FC,Primeira Liga,2019/2020,14.55
FC Paços de Ferreira,Primeira Liga,2019/2020,14.35
Desportivo Aves (- 2020),Primeira Liga,2019/2020,14.18
Vitória Setúbal FC,Primeira Liga,2019/2020,13.75
CD Tondela,Primeira Liga,2019/2020,13.28
Gil Vicente FC,Primeira Liga,2019/2020,12.23
SL Benfica,Primeira Liga,2020/2021,377.35
FC Porto,Primeira Liga,2020/2021,327.6
Sporting CP,Primeira Liga,2020/2021,257.28
SC Braga,Primeira Liga,2020/2021,142.95
FC Famalicão,Primeira Liga,2020/2021,64.93
Vitória Guimarães SC,Primeira Liga,2020/2021,54.5
Boavista FC,Primeira Liga,2020/2021,35.15
Rio Ave FC,Primeira Liga,2020/2021,32.88
FC Paços de Ferreira,Primeira Liga,2020/2021,27.4
Portimonense SAD,Primeira Liga,2020/2021,24.85
CS Marítimo,Primeira Liga,2020/2021,23.45
CD Santa Clara,Primeira Liga,2020/2021,22.8
Moreirense FC,Primeira Liga,2020/2021,22.08
SC Farense,Primeira Liga,2020/2021,21.2
B SAD,Primeira Liga,2020/2021,19.23
Gil Vicente FC,Primeira Liga,2020/2021,16.8
CD Tondela,Primeira Liga,2020/2021,13.6
CD Nacional,Primeira Liga,2020/2021,12.95
FC Porto,Primeira Liga,2021/2022,403.58
Sporting CP,Primeira Liga,2021/2022,337.73
SL Benfica,Primeira Liga,2021/2022,310.18
SC Braga,Primeira Liga,2021/2022,159.03
Vitória Guimarães SC,Primeira Liga,2021/2022,68.0
FC Famalicão,Primeira Liga,2021/2022,67.85
Boavista FC,Primeira Liga,2021/2022,38.85
Portimonense SAD,Primeira Liga,2021/2022,38.38
GD Estoril Praia,Primeira Liga,2021/2022,36.23
CD Santa Clara,Primeira Liga,2021/2022,30.6
Gil Vicente FC,Primeira Liga,2021/2022,29.73
FC Paços de Ferreira,Primeira Liga,2021/2022,26.0
CD Tondela,Primeira Liga,2021/2022,21.83
B SAD,Primeira Liga,2021/2022,20.0
Moreirense FC,Primeira Liga,2021/2022,19.0
FC Arouca,Primeira Liga,2021/2022,16.8
FC Vizela,Primeira Liga,2021/2022,16.7
CS Marítimo,Primeira Liga,2021/2022,16.1
SL Benfica,Primeira Liga,2022/2023,477.58
Sporting CP,Primeira Liga,2022/2023,366.6
FC Porto,Primeira Liga,2022/2023,284.55
SC Braga,Primeira Liga,2022/2023,150.75
Vitória Guimarães SC,Primeira Liga,2022/2023,72.4
FC Famalicão,Primeira Liga,2022/2023,51.85
Gil Vicente FC,Primeira Liga,2022/2023,46.85
GD Estoril Praia,Primeira Liga,2022/2023,36.15
Portimonense SAD,Primeira Liga,2022/2023,31.58
Boavista FC,Primeira Liga,2022/2023,28.85
FC Paços de Ferreira,Primeira Liga,2022/2023,28.13
CD Santa Clara,Primeira Liga,2022/2023,23.7
FC Arouca,Primeira Liga,2022/2023,21.0
FC Vizela,Primeira Liga,2022/2023,18.48
Rio Ave FC,Primeira Liga,2022/2023,17.8
GD Chaves,Primeira Liga,2022/2023,17.75
Casa Pia AC,Primeira Liga,2022/2023,17.3
CS Marítimo,Primeira Liga,2022/2023,16.53
SL Benfica,Primeira Liga,2023/2024,427.6
Sporting CP,Primeira Liga,2023/2024,384.2
FC Porto,Primeira Liga,2023/2024,369.65
SC Braga,Primeira Liga,2023/2024,159.4
FC Famalicão,Primeira Liga,2023/2024,72.75
Vitória Guimarães SC,Primeira Liga,2023/2024,67.9
GD Estoril Praia,Primeira Liga,2023/2024,56.65
FC Arouca,Primeira Liga,2023/2024,44.1
Gil Vicente FC,Primeira Liga,2023/2024,32.15
Boavista FC,Primeira Liga,2023/2024,30.0
Moreirense FC,Primeira Liga,2023/2024,26.9
Rio Ave FC,Primeira Liga,2023/2024,26.2
Casa Pia AC,Primeira Liga,2023/2024,23.18
FC Vizela,Primeira Liga,2023/2024,22.85
Portimonense SAD,Primeira Liga,2023/2024,22.28
SC Farense,Primeira Liga,2023/2024,20.05
CF Estrela Amadora,Primeira Liga,2023/2024,19.58
GD Chaves,Primeira Liga,2023/2024,18.8
Sporting CP,Primeira Liga,2024/2025,567.1
FC Porto,Primeira Liga,2024/2025,479.45
SL Benfica,Primeira Liga,2024/2025,445.25
SC Braga,Primeira Liga,2024/2025,186.8
Vitória Guimarães SC,Primeira Liga,2024/2025,99.65
FC Famalicão,Primeira Liga,2024/2025,96.05
Rio Ave FC,Primeira Liga,2024/2025,49.58
GD Estoril Praia,Primeira Liga,2024/2025,44.5
CD Santa Clara,Primeira Liga,2024/2025,42.5
FC Arouca,Primeira Liga,2024/2025,37.38
Gil Vicente FC,Primeira Liga,2024/2025,37.25
Casa Pia AC,Primeira Liga,2024/2025,32.75
Moreirense FC,Primeira Liga,2024/2025,31.45
SC Farense,Primeira Liga,2024/2025,26.53
CF Estrela Amadora,Primeira Liga,2024/2025,26.2
CD Nacional,Primeira Liga,2024/2025,21.98
Avs Futebol,Primeira Liga,2024/2025,20.7
Boavista FC,Primeira Liga,2024/2025,18.4
Club Brugge KV,Belgian Pro League,2019/2020,160.73
RSC Anderlecht,Belgian Pro League,2019/2020,137.28
KRC Genk,Belgian Pro League,2019/2020,113.53
KAA Gent,Belgian Pro League,2019/2020,95.1
Standard Liège,Belgian Pro League,2019/2020,76.68
Royal Antwerp FC,Belgian Pro League,2019/2020,49.98
Cercle Brugge,Belgian Pro League,2019/2020,31.93
Royal Charleroi SC,Belgian Pro League,2019/2020,31.65
Zulte Waregem,Belgian Pro League,2019/2020,30.08
Sint-Truidense VV,Belgian Pro League,2019/2020,26.75
Royal Excel Mouscron (-2022),Belgian Pro League,2019/2020,26.15
KAS Eupen,Belgian Pro League,2019/2020,26.05
KV Oostende (-2024),Belgian Pro League,2019/2020,23.85
KV Mechelen,Belgian Pro League,2019/2020,23.63
KV Kortrijk,Belgian Pro League,2019/2020,19.9
KVRS Waasland - SK Beveren,Belgian Pro League,2019/2020,14.93
Club Brugge KV,Belgian Pro League,2020/2021,170.9
KRC Genk,Belgian Pro League,2020/2021,140.05
RSC Anderlecht,Belgian Pro League,2020/2021,139.8
Standard Liège,Belgian Pro League,2020/2021,85.25
KAA Gent,Belgian Pro League,2020/2021,81.65
Royal Antwerp FC,Belgian Pro League,2020/2021,54.4
Royal Charleroi SC,Belgian Pro League,2020/2021,42.83
Cercle Brugge,Belgian Pro League,2020/2021,40.45
KV Oostende (-2024),Belgian Pro League,2020/2021,34.55
Oud-Heverlee Leuven,Belgian Pro League,2020/2021,32.65
KV Mechelen,Belgian Pro League,2020/2021,31.88
KV Kortrijk,Belgian Pro League,2020/2021,31.8
Beerschot VA,Belgian Pro League,2020/2021,24.8
Sint-Truidense VV,Belgian Pro League,2020/2021,23.08
Zulte Waregem,Belgian Pro League,2020/2021,22.75
KAS Eupen,Belgian Pro League,2020/2021,21.1
KVRS Waasland - SK Beveren,Belgian Pro League,2020/2021,20.95
Royal Excel Mouscron (-2022),Belgian Pro League,2020/2021,18.03
Club Brugge KV,Belgian Pro League,2021/2022,200.5
KRC Genk,Belgian Pro League,2021/2022,120.1
RSC Anderlecht,Belgian Pro League,2021/2022,113.05
Royal Antwerp FC,Belgian Pro League,2021/2022,61.9
KAA Gent,Belgian Pro League,2021/2022,61.28
Standard Liège,Belgian Pro League,2021/2022,60.3
Union Saint-Gilloise,Belgian Pro League,2021/2022,54.8
Royal Charleroi SC,Belgian Pro League,2021/2022,51.3
KV Oostende (-2024),Belgian Pro League,2021/2022,45.45
KV Mechelen,Belgian Pro League,2021/2022,35.8
Oud-Heverlee Leuven,Belgian Pro League,2021/2022,30.85
KV Kortrijk,Belgian Pro League,2021/2022,28.25
Sint-Truidense VV,Belgian Pro League,2021/2022,27.0
Cercle Brugge,Belgian Pro League,2021/2022,25.3
Beerschot VA,Belgian Pro League,2021/2022,24.18
KAS Eupen,Belgian Pro League,2021/2022,21.03
Zulte Waregem,Belgian Pro League,2021/2022,20.73
RFC Seraing,Belgian Pro League,2021/2022,15.28
Club Brugge KV,Belgian Pro League,2022/2023,182.3
KRC Genk,Belgian Pro League,2022/2023,169.4
Royal Antwerp FC,Belgian Pro League,2022/2023,122.4
RSC Anderlecht,Belgian Pro League,2022/2023,121.25
KAA Gent,Belgian Pro League,2022/2023,100.2
Union Saint-Gilloise,Belgian Pro League,2022/2023,71.35
Standard Liège,Belgian Pro League,2022/2023,61.1
Royal Charleroi SC,Belgian Pro League,2022/2023,53.9
KVC Westerlo,Belgian Pro League,2022/2023,45.55
Cercle Brugge,Belgian Pro League,2022/2023,42.88
Oud-Heverlee Leuven,Belgian Pro League,2022/2023,41.55
KV Mechelen,Belgian Pro League,2022/2023,28.45
KV Kortrijk,Belgian Pro League,2022/2023,28.05
Sint-Truidense VV,Belgian Pro League,2022/2023,22.93
Zulte Waregem,Belgian Pro League,2022/2023,20.9
KAS Eupen,Belgian Pro League,2022/2023,19.73
KV Oostende (-2024),Belgian Pro League,2022/2023,18.85
RFC Seraing,Belgian Pro League,2022/2023,12.93
KRC Genk,Belgian Pro League,2023/2024,180.5
Club Brugge KV,Belgian Pro League,2023/2024,161.55
Royal Antwerp FC,Belgian Pro League,2023/2024,143.8
RSC Anderlecht,Belgian Pro League,2023/2024,133.0
KAA Gent,Belgian Pro League,2023/2024,122.3
Union Saint-Gilloise,Belgian Pro League,2023/2024,111.4
Standard Liège,Belgian Pro League,2023/2024,81.45
Cercle Brugge,Belgian Pro League,2023/2024,81.38
Oud-Heverlee Leuven,Belgian Pro League,2023/2024,47.3
KVC Westerlo,Belgian Pro League,2023/2024,45.1
Sint-Truidense VV,Belgian Pro League,2023/2024,40.3
KV Mechelen,Belgian Pro League,2023/2024,39.25
RWD Molenbeek,Belgian Pro League,2023/2024,36.48
Royal Charleroi SC,Belgian Pro League,2023/2024,35.6
KV Kortrijk,Belgian Pro League,2023/2024,26.48
KAS Eupen,Belgian Pro League,2023/2024,18.03
Club Brugge KV,Belgian Pro League,2024/2025,245.6
KRC Genk,Belgian Pro League,2024/2025,207.2
Union Saint-Gilloise,Belgian Pro League,2024/2025,131.25
RSC Anderlecht,Belgian Pro League,2024/2025,124.1
KAA Gent,Belgian Pro League,2024/2025,106.7
Royal Antwerp FC,Belgian Pro League,2024/2025,106.65
KVC Westerlo,Belgian Pro League,2024/2025,86.2
Standard Liège,Belgian Pro League,2024/2025,75.75
Cercle Brugge,Belgian Pro League,2024/2025,64.95
Oud-Heverlee Leuven,Belgian Pro League,2024/2025,55.95
Royal Charleroi SC,Belgian Pro League,2024/2025,47.3
KV Mechelen,Belgian Pro League,2024/2025,36.6
Sint-Truidense VV,Belgian Pro League,2024/2025,34.65
KV Kortrijk,Belgian Pro League,2024/2025,34.05
FCV Dender EH,Belgian Pro League,2024/2025,23.25
Beerschot VA,Belgian Pro League,2024/2025,22.33
Celtic FC,Scottish Premiership,2019/2020,111.43
Rangers FC,Scottish Premiership,2019/2020,55.35
Heart of Midlothian FC,Scottish Premiership,2019/2020,18.98
Aberdeen FC,Scottish Premiership,2019/2020,15.48
Hibernian FC,Scottish Premiership,2019/2020,14.73
Motherwell FC,Scottish Premiership,2019/2020,10.53
Kilmarnock FC,Scottish Premiership,2019/2020,8.98
Ross County FC,Scottish Premiership,2019/2020,8.25
Livingston FC,Scottish Premiership,2019/2020,7.45
St. Johnstone FC,Scottish Premiership,2019/2020,7.43
Hamilton Academical FC,Scottish Premiership,2019/2020,6.6
St. Mirren FC,Scottish Premiership,2019/2020,6.23
Celtic FC,Scottish Premiership,2020/2021,116.8
Rangers FC,Scottish Premiership,2020/2021,97.0
Hibernian FC,Scottish Premiership,2020/2021,23.08
Aberdeen FC,Scottish Premiership,2020/2021,19.93
Motherwell FC,Scottish Premiership,2020/2021,19.0
Livingston FC,Scottish Premiership,2020/2021,15.28
Dundee United FC,Scottish Premiership,2020/2021,12.63
St. Johnstone FC,Scottish Premiership,2020/2021,11.18
Ross County FC,Scottish Premiership,2020/2021,10.15
St. Mirren FC,Scottish Premiership,2020/2021,9.85
Kilmarnock FC,Scottish Premiership,2020/2021,9.0
Hamilton Academical FC,Scottish Premiership,2020/2021,8.65
Rangers FC,Scottish Premiership,2021/2022,161.38
Celtic FC,Scottish Premiership,2021/2022,126.68
Hibernian FC,Scottish Premiership,2021/2022,24.5
Aberdeen FC,Scottish Premiership,2021/2022,19.55
Heart of Midlothian FC,Scottish Premiership,2021/2022,16.35
Dundee United FC,Scottish Premiership,2021/2022,15.05
St. Johnstone FC,Scottish Premiership,2021/2022,13.35
Livingston FC,Scottish Premiership,2021/2022,11.85
Motherwell FC,Scottish Premiership,2021/2022,11.01
St. Mirren FC,Scottish Premiership,2021/2022,10.78
Ross County FC,Scottish Premiership,2021/2022,9.3
Dundee FC,Scottish Premiership,2021/2022,8.55
Celtic FC,Scottish Premiership,2022/2023,159.9
Rangers FC,Scottish Premiership,2022/2023,116.73
Hibernian FC,Scottish Premiership,2022/2023,23.15
Heart of Midlothian FC,Scottish Premiership,2022/2023,18.95
Aberdeen FC,Scottish Premiership,2022/2023,17.08
Motherwell FC,Scottish Premiership,2022/2023,12.0
Livingston FC,Scottish Premiership,2022/2023,11.9
St. Mirren FC,Scottish Premiership,2022/2023,11.35
St. Johnstone FC,Scottish Premiership,2022/2023,10.55
Ross County FC,Scottish Premiership,2022/2023,10.18
Kilmarnock FC,Scottish Premiership,2022/2023,10.18
Dundee United FC,Scottish Premiership,2022/2023,9.85
Celtic FC,Scottish Premiership,2023/2024,157.28
Rangers FC,Scottish Premiership,2023/2024,118.68
Heart of Midlothian FC,Scottish Premiership,2023/2024,25.18
Motherwell FC,Scottish Premiership,2023/2024,20.75
Aberdeen FC,Scottish Premiership,2023/2024,19.28
Hibernian FC,Scottish Premiership,2023/2024,18.85
Dundee FC,Scottish Premiership,2023/2024,11.63
St. Mirren FC,Scottish Premiership,2023/2024,11.25
Kilmarnock FC,Scottish Premiership,2023/2024,10.95
Ross County FC,Scottish Premiership,2023/2024,10.3
St. Johnstone FC,Scottish Premiership,2023/2024,9.03
Livingston FC,Scottish Premiership,2023/2024,8.1
Celtic FC,Scottish Premiership,2024/2025,180.83
Rangers FC,Scottish Premiership,2024/2025,84.45
Aberdeen FC,Scottish Premiership,2024/2025,30.58
Heart of Midlothian FC,Scottish Premiership,2024/2025,22.12
Hibernian FC,Scottish Premiership,2024/2025,20.38
Motherwell FC,Scottish Premiership,2024/2025,18.9
Dundee FC,Scottish Premiership,2024/2025,14.18
Kilmarnock FC,Scottish Premiership,2024/2025,12.23
Dundee United FC,Scottish Premiership,2024/2025,11.85
St. Mirren FC,Scottish Premiership,2024/2025,10.03
St. Johnstone FC,Scottish Premiership,2024/2025,9.78
Ross County FC,Scottish Premiership,2024/2025,8.4
Galatasaray,Super Lig,2019/2020,105.13
Trabzonspor,Super Lig,2019/2020,87.03
Fenerbahce,Super Lig,2019/2020,75.9
Besiktas JK,Super Lig,2019/2020,63.25
Basaksehir FK,Super Lig,2019/2020,53.85
Kasimpasa,Super Lig,2019/2020,30.0
Sivasspor,Super Lig,2019/2020,27.3
Caykur Rizespor,Super Lig,2019/2020,22.68
Yeni Malatyaspor,Super Lig,2019/2020,22.33
Kayserispor,Super Lig,2019/2020,21.58
Alanyaspor,Super Lig,2019/2020,21.3
Konyaspor,Super Lig,2019/2020,20.23
Gaziantep FK,Super Lig,2019/2020,20.1
Antalyaspor,Super Lig,2019/2020,19.15
Göztepe,Super Lig,2019/2020,17.23
Denizlispor,Super Lig,2019/2020,15.95
Genclerbirligi Ankara,Super Lig,2019/2020,13.75
MKE Ankaragücü,Super Lig,2019/2020,11.85
Fenerbahce,Super Lig,2020/2021,115.45
Galatasaray,Super Lig,2020/2021,107.63
Besiktas JK,Super Lig,2020/2021,104.5
Trabzonspor,Super Lig,2020/2021,99.13
Basaksehir FK,Super Lig,2020/2021,69.23
Alanyaspor,Super Lig,2020/2021,49.68
Kasimpasa,Super Lig,2020/2021,38.88
Fatih Karagümrük,Super Lig,2020/2021,38.45
Göztepe,Super Lig,2020/2021,37.53
Hatayspor,Super Lig,2020/2021,36.15
Sivasspor,Super Lig,2020/2021,30.7
Caykur Rizespor,Super Lig,2020/2021,30.7
Antalyaspor,Super Lig,2020/2021,30.23
Konyaspor,Super Lig,2020/2021,29.88
Yeni Malatyaspor,Super Lig,2020/2021,28.48
Gaziantep FK,Super Lig,2020/2021,27.48
Kayserispor,Super Lig,2020/2021,23.03
MKE Ankaragücü,Super Lig,2020/2021,20.7
Genclerbirligi Ankara,Super Lig,2020/2021,16.23
Büyüksehir Belediye Erzurumspor,Super Lig,2020/2021,15.53
Denizlispor,Super Lig,2020/2021,14.18
Fenerbahce,Super Lig,2021/2022,152.13
Galatasaray,Super Lig,2021/2022,130.63
Trabzonspor,Super Lig,2021/2022,123.88
Besiktas JK,Super Lig,2021/2022,101.53
Basaksehir FK,Super Lig,2021/2022,62.88
Alanyaspor,Super Lig,2021/2022,52.28
Konyaspor,Super Lig,2021/2022,46.9
Adana Demirspor,Super Lig,2021/2022,46.0
Kasimpasa,Super Lig,2021/2022,43.15
Kayserispor,Super Lig,2021/2022,40.9
Antalyaspor,Super Lig,2021/2022,37.65
Hatayspor,Super Lig,2021/2022,36.18
Fatih Karagümrük,Super Lig,2021/2022,36.15
Giresunspor,Super Lig,2021/2022,31.7
Sivasspor,Super Lig,2021/2022,30.58
Gaziantep FK,Super Lig,2021/2022,30.28
Göztepe,Super Lig,2021/2022,24.68
Caykur Rizespor,Super Lig,2021/2022,24.0
Yeni Malatyaspor,Super Lig,2021/2022,20.38
Altay SK,Super Lig,2021/2022,14.25
Galatasaray,Super Lig,2022/2023,202.65
Fenerbahce,Super Lig,2022/2023,193.23
Trabzonspor,Super Lig,2022/2023,135.3
Besiktas JK,Super Lig,2022/2023,127.7
Basaksehir FK,Super Lig,2022/2023,75.1
Adana Demirspor,Super Lig,2022/2023,57.65
Konyaspor,Super Lig,2022/2023,48.58
Alanyaspor,Super Lig,2022/2023,43.28
Antalyaspor,Super Lig,2022/2023,41.6
MKE Ankaragücü,Super Lig,2022/2023,40.48
Fatih Karagümrük,Super Lig,2022/2023,40.33
Kasimpasa,Super Lig,2022/2023,39.23
Kayserispor,Super Lig,2022/2023,31.05
Sivasspor,Super Lig,2022/2023,28.93
Gaziantep FK,Super Lig,2022/2023,24.1
Hatayspor,Super Lig,2022/2023,23.03
Istanbulspor,Super Lig,2022/2023,18.43
Giresunspor,Super Lig,2022/2023,18.38
Ümraniyespor,Super Lig,2022/2023,12.05
Galatasaray,Super Lig,2023/2024,255.65
Fenerbahce,Super Lig,2023/2024,218.3
Besiktas JK,Super Lig,2023/2024,146.88
Trabzonspor,Super Lig,2023/2024,118.38
Basaksehir FK,Super Lig,2023/2024,54.15
Adana Demirspor,Super Lig,2023/2024,53.3
Samsunspor,Super Lig,2023/2024,34.88
Caykur Rizespor,Super Lig,2023/2024,34.15
Kayserispor,Super Lig,2023/2024,34.05
MKE Ankaragücü,Super Lig,2023/2024,33.38
Alanyaspor,Super Lig,2023/2024,32.53
Fatih Karagümrük,Super Lig,2023/2024,32.33
Konyaspor,Super Lig,2023/2024,32.28
Antalyaspor,Super Lig,2023/2024,31.48
Sivasspor,Super Lig,2023/2024,30.38
Kasimpasa,Super Lig,2023/2024,28.98
Hatayspor,Super Lig,2023/2024,28.9
Gaziantep FK,Super Lig,2023/2024,24.03
Pendikspor,Super Lig,2023/2024,23.38
Istanbulspor,Super Lig,2023/2024,12.93
Galatasaray,Super Lig,2024/2025,317.28
Fenerbahce,Super Lig,2024/2025,269.83
Besiktas JK,Super Lig,2024/2025,137.38
Trabzonspor,Super Lig,2024/2025,117.68
Basaksehir FK,Super Lig,2024/2025,65.18
Göztepe,Super Lig,2024/2025,53.6
Caykur Rizespor,Super Lig,2024/2025,40.73
Eyüpspor,Super Lig,2024/2025,35.48
Kasimpasa,Super Lig,2024/2025,35.3
Samsunspor,Super Lig,2024/2025,33.48
Alanyaspor,Super Lig,2024/2025,26.53
Gaziantep FK,Super Lig,2024/2025,24.06
Konyaspor,Super Lig,2024/2025,23.58
Kayserispor,Super Lig,2024/2025,22.38
Antalyaspor,Super Lig,2024/2025,22.08
Bodrum FK,Super Lig,2024/2025,20.5
Adana Demirspor,Super Lig,2024/2025,19.95
Hatayspor,Super Lig,2024/2025,17.7
Sivasspor,Super Lig,2024/2025,17.2
Red Bull Salzburg,Bundesliga Austria,2019/2020,204.1
Rapid Vienna,Bundesliga Austria,2019/2020,33.05
LASK,Bundesliga Austria,2019/2020,26.18
SK Sturm Graz,Bundesliga Austria,2019/2020,21.43
Austria Vienna,Bundesliga Austria,2019/2020,18.15
Wolfsberger AC,Bundesliga Austria,2019/2020,17.45
FC Admira Wacker Mödling,Bundesliga Austria,2019/2020,11.13
SCR Altach,Bundesliga Austria,2019/2020,10.7
SKN St. Pölten,Bundesliga Austria,2019/2020,10.55
TSV Hartberg,Bundesliga Austria,2019/2020,8.68
SV Mattersburg,Bundesliga Austria,2019/2020,7.2
WSG Tirol,Bundesliga Austria,2019/2020,7.08
Red Bull Salzburg,Bundesliga Austria,2020/2021,188.7
Rapid Vienna,Bundesliga Austria,2020/2021,43.35
LASK,Bundesliga Austria,2020/2021,36.13
SK Sturm Graz,Bundesliga Austria,2020/2021,27.85
Austria Vienna,Bundesliga Austria,2020/2021,23.6
Wolfsberger AC,Bundesliga Austria,2020/2021,19.45
WSG Tirol,Bundesliga Austria,2020/2021,14.1
SKN St. Pölten,Bundesliga Austria,2020/2021,12.23
FC Admira Wacker Mödling,Bundesliga Austria,2020/2021,12.18
SCR Altach,Bundesliga Austria,2020/2021,10.7
TSV Hartberg,Bundesliga Austria,2020/2021,10.53
SV Ried,Bundesliga Austria,2020/2021,9.2
Red Bull Salzburg,Bundesliga Austria,2021/2022,263.3
Rapid Vienna,Bundesliga Austria,2021/2022,45.28
SK Sturm Graz,Bundesliga Austria,2021/2022,37.93
LASK,Bundesliga Austria,2021/2022,30.8
Austria Vienna,Bundesliga Austria,2021/2022,23.9
Wolfsberger AC,Bundesliga Austria,2021/2022,20.48
FC Admira Wacker Mödling,Bundesliga Austria,2021/2022,13.7
WSG Tirol,Bundesliga Austria,2021/2022,13.28
SK Austria Klagenfurt,Bundesliga Austria,2021/2022,12.98
TSV Hartberg,Bundesliga Austria,2021/2022,11.9
SV Ried,Bundesliga Austria,2021/2022,9.58
SCR Altach,Bundesliga Austria,2021/2022,9.48
Red Bull Salzburg,Bundesliga Austria,2022/2023,267.08
SK Sturm Graz,Bundesliga Austria,2022/2023,101.98
LASK,Bundesliga Austria,2022/2023,40.78
Rapid Vienna,Bundesliga Austria,2022/2023,34.1
Austria Vienna,Bundesliga Austria,2022/2023,25.08
Wolfsberger AC,Bundesliga Austria,2022/2023,18.45
SCR Altach,Bundesliga Austria,2022/2023,15.68
SC Austria Lustenau,Bundesliga Austria,2022/2023,11.98
SK Austria Klagenfurt,Bundesliga Austria,2022/2023,11.93
TSV Hartberg,Bundesliga Austria,2022/2023,10.68
SV Ried,Bundesliga Austria,2022/2023,9.55
WSG Tirol,Bundesliga Austria,2022/2023,9.43
Red Bull Salzburg,Bundesliga Austria,2023/2024,230.5
SK Sturm Graz,Bundesliga Austria,2023/2024,82.33
LASK,Bundesliga Austria,2023/2024,47.85
Rapid Vienna,Bundesliga Austria,2023/2024,37.38
Wolfsberger AC,Bundesliga Austria,2023/2024,23.18
Austria Vienna,Bundesliga Austria,2023/2024,22.93
TSV Hartberg,Bundesliga Austria,2023/2024,17.08
SK Austria Klagenfurt,Bundesliga Austria,2023/2024,12.85
SCR Altach,Bundesliga Austria,2023/2024,10.95
WSG Tirol,Bundesliga Austria,2023/2024,9.7
SC Austria Lustenau,Bundesliga Austria,2023/2024,9.0
FC Blau-Weiss Linz,Bundesliga Austria,2023/2024,8.63
Red Bull Salzburg,Bundesliga Austria,2024/2025,211.08
SK Sturm Graz,Bundesliga Austria,2024/2025,119.8
Rapid Vienna,Bundesliga Austria,2024/2025,50.8
LASK,Bundesliga Austria,2024/2025,37.35
Wolfsberger AC,Bundesliga Austria,2024/2025,36.38
Austria Vienna,Bundesliga Austria,2024/2025,24.53
FC Blau-Weiss Linz,Bundesliga Austria,2024/2025,14.88
TSV Hartberg,Bundesliga Austria,2024/2025,13.83
SCR Altach,Bundesliga Austria,2024/2025,11.08
Grazer AK 1902,Bundesliga Austria,2024/2025,10.05
SK Austria Klagenfurt,Bundesliga Austria,2024/2025,8.98
WSG Tirol,Bundesliga Austria,2024/2025,8.78
FC Basel 1893,Swiss Super League,2019/2020,63.45
BSC Young Boys,Swiss Super League,2019/2020,61.93
FC Zürich,Swiss Super League,2019/2020,29.38
FC Sion,Swiss Super League,2019/2020,25.75
FC Luzern,Swiss Super League,2019/2020,23.6
FC Lugano,Swiss Super League,2019/2020,21.5
FC St. Gallen 1879,Swiss Super League,2019/2020,21.33
FC Thun,Swiss Super League,2019/2020,18.78
Servette FC,Swiss Super League,2019/2020,14.55
Neuchâtel Xamax FCS,Swiss Super League,2019/2020,11.88
BSC Young Boys,Swiss Super League,2020/2021,62.2
FC Basel 1893,Swiss Super League,2020/2021,54.83
FC St. Gallen 1879,Swiss Super League,2020/2021,29.3
FC Zürich,Swiss Super League,2020/2021,28.25
FC Lausanne-Sport,Swiss Super League,2020/2021,27.25
Servette FC,Swiss Super League,2020/2021,26.7
FC Luzern,Swiss Super League,2020/2021,22.35
FC Lugano,Swiss Super League,2020/2021,17.15
FC Sion,Swiss Super League,2020/2021,14.48
FC Vaduz,Swiss Super League,2020/2021,8.1
BSC Young Boys,Swiss Super League,2021/2022,74.98
FC Basel 1893,Swiss Super League,2021/2022,74.03
FC Zürich,Swiss Super League,2021/2022,44.8
FC St. Gallen 1879,Swiss Super League,2021/2022,31.05
Grasshopper Club Zurich,Swiss Super League,2021/2022,30.75
Servette FC,Swiss Super League,2021/2022,28.15
FC Lausanne-Sport,Swiss Super League,2021/2022,25.18
FC Lugano,Swiss Super League,2021/2022,22.75
FC Luzern,Swiss Super League,2021/2022,21.1
FC Sion,Swiss Super League,2021/2022,20.53
BSC Young Boys,Swiss Super League,2022/2023,80.88
FC Basel 1893,Swiss Super League,2022/2023,63.6
FC Zürich,Swiss Super League,2022/2023,47.43
FC Luzern,Swiss Super League,2022/2023,32.53
FC St. Gallen 1879,Swiss Super League,2022/2023,29.23
Grasshopper Club Zurich,Swiss Super League,2022/2023,27.46
Servette FC,Swiss Super League,2022/2023,26.1
FC Lugano,Swiss Super League,2022/2023,25.81
FC Sion,Swiss Super League,2022/2023,15.68
FC Winterthur,Swiss Super League,2022/2023,10.75
FC Basel 1893,Swiss Super League,2023/2024,92.5
BSC Young Boys,Swiss Super League,2023/2024,84.78
FC Lugano,Swiss Super League,2023/2024,53.48
FC Lausanne-Sport,Swiss Super League,2023/2024,40.75
Servette FC,Swiss Super League,2023/2024,34.53
FC St. Gallen 1879,Swiss Super League,2023/2024,33.28
FC Luzern,Swiss Super League,2023/2024,31.3
Grasshopper Club Zurich,Swiss Super League,2023/2024,24.0
FC Zürich,Swiss Super League,2023/2024,22.5
Yverdon Sport FC,Swiss Super League,2023/2024,22.05
FC Winterthur,Swiss Super League,2023/2024,19.4
FC Stade-Lausanne-Ouchy,Swiss Super League,2023/2024,18.7
FC Basel 1893,Swiss Super League,2024/2025,99.8
BSC Young Boys,Swiss Super League,2024/2025,84.95
FC Lugano,Swiss Super League,2024/2025,71.3
FC Lausanne-Sport,Swiss Super League,2024/2025,52.6
FC Luzern,Swiss Super League,2024/2025,45.35
FC St. Gallen 1879,Swiss Super League,2024/2025,38.18
FC Zürich,Swiss Super League,2024/2025,36.48
Servette FC,Swiss Super League,2024/2025,33.4
Yverdon Sport FC,Swiss Super League,2024/2025,29.95
FC Sion,Swiss Super League,2024/2025,26.3
Grasshopper Club Zurich,Swiss Super League,2024/2025,24.3
FC Winterthur,Swiss Super League,2024/2025,12.2
FC Copenhagen,Danish Superliga,2019/2020,53.2
FC Midtjylland,Danish Superliga,2019/2020,30.38
FC Nordsjaelland,Danish Superliga,2019/2020,22.68
Bröndby IF,Danish Superliga,2019/2020,22.25
Esbjerg fB,Danish Superliga,2019/2020,13.3
Aalborg BK,Danish Superliga,2019/2020,12.78
Aarhus GF,Danish Superliga,2019/2020,12.73
Odense Boldklub,Danish Superliga,2019/2020,12.03
SönderjyskE,Danish Superliga,2019/2020,9.75
Randers FC,Danish Superliga,2019/2020,9.05
Silkeborg IF,Danish Superliga,2019/2020,8.73
AC Horsens,Danish Superliga,2019/2020,7.55
Hobro IK,Danish Superliga,2019/2020,7.33
Lyngby Boldklub,Danish Superliga,2019/2020,6.73
FC Midtjylland,Danish Superliga,2020/2021,55.05
FC Copenhagen,Danish Superliga,2020/2021,41.2
FC Nordsjaelland,Danish Superliga,2020/2021,36.25
Bröndby IF,Danish Superliga,2020/2021,32.3
Aarhus GF,Danish Superliga,2020/2021,22.4
Vejle Boldklub,Danish Superliga,2020/2021,15.98
Aalborg BK,Danish Superliga,2020/2021,14.8
SönderjyskE,Danish Superliga,2020/2021,14.45
Odense Boldklub,Danish Superliga,2020/2021,13.85
Randers FC,Danish Superliga,2020/2021,11.4
AC Horsens,Danish Superliga,2020/2021,8.9
Lyngby Boldklub,Danish Superliga,2020/2021,8.9
FC Copenhagen,Danish Superliga,2021/2022,106.65
FC Midtjylland,Danish Superliga,2021/2022,64.2
Bröndby IF,Danish Superliga,2021/2022,37.95
FC Nordsjaelland,Danish Superliga,2021/2022,28.2
Aarhus GF,Danish Superliga,2021/2022,18.7
Randers FC,Danish Superliga,2021/2022,17.15
Aalborg BK,Danish Superliga,2021/2022,16.15
Vejle Boldklub,Danish Superliga,2021/2022,15.9
Silkeborg IF,Danish Superliga,2021/2022,13.15
Odense Boldklub,Danish Superliga,2021/2022,12.98
SönderjyskE,Danish Superliga,2021/2022,12.03
Viborg FF,Danish Superliga,2021/2022,10.55
FC Copenhagen,Danish Superliga,2022/2023,88.4
FC Midtjylland,Danish Superliga,2022/2023,68.93
FC Nordsjaelland,Danish Superliga,2022/2023,47.65
Bröndby IF,Danish Superliga,2022/2023,39.25
Aarhus GF,Danish Superliga,2022/2023,26.2
Aalborg BK,Danish Superliga,2022/2023,19.4
Odense Boldklub,Danish Superliga,2022/2023,18.9
Silkeborg IF,Danish Superliga,2022/2023,18.25
Randers FC,Danish Superliga,2022/2023,17.65
Viborg FF,Danish Superliga,2022/2023,17.2
AC Horsens,Danish Superliga,2022/2023,15.3
Lyngby Boldklub,Danish Superliga,2022/2023,11.6
FC Copenhagen,Danish Superliga,2023/2024,97.7
FC Nordsjaelland,Danish Superliga,2023/2024,85.58
FC Midtjylland,Danish Superliga,2023/2024,71.2
Bröndby IF,Danish Superliga,2023/2024,55.93
Aarhus GF,Danish Superliga,2023/2024,25.33
Viborg FF,Danish Superliga,2023/2024,25.1
Silkeborg IF,Danish Superliga,2023/2024,24.3
Lyngby Boldklub,Danish Superliga,2023/2024,19.45
Randers FC,Danish Superliga,2023/2024,18.58
Odense Boldklub,Danish Superliga,2023/2024,18.48
Vejle Boldklub,Danish Superliga,2023/2024,17.36
Hvidovre IF,Danish Superliga,2023/2024,8.43
FC Copenhagen,Danish Superliga,2024/2025,126.23
FC Nordsjaelland,Danish Superliga,2024/2025,100.15
FC Midtjylland,Danish Superliga,2024/2025,95.55
Bröndby IF,Danish Superliga,2024/2025,78.53
Silkeborg IF,Danish Superliga,2024/2025,30.35
Viborg FF,Danish Superliga,2024/2025,27.6
Aarhus GF,Danish Superliga,2024/2025,25.93
Randers FC,Danish Superliga,2024/2025,23.55
Aalborg BK,Danish Superliga,2024/2025,21.98
Vejle Boldklub,Danish Superliga,2024/2025,15.98
Lyngby Boldklub,Danish Superliga,2024/2025,15.35
Sönderjyske Fodbold,Danish Superliga,2024/2025,15.28
Rosenborg BK,Eliteserien,2019/2020,31.45
SK Brann,Eliteserien,2019/2020,13.45
Molde FK,Eliteserien,2019/2020,12.65
Vålerenga Fotball Elite,Eliteserien,2019/2020,9.78
Sarpsborg 08 FF,Eliteserien,2019/2020,9.75
Stabæk Fotball,Eliteserien,2019/2020,8.03
FK Haugesund,Eliteserien,2019/2020,7.95
Odds BK,Eliteserien,2019/2020,7.3
Kristiansund BK,Eliteserien,2019/2020,6.6
IK Start,Eliteserien,2019/2020,6.03
Aalesunds FK,Eliteserien,2019/2020,5.95
Viking FK,Eliteserien,2019/2020,5.58
Mjøndalen IF,Eliteserien,2019/2020,5.4
FK Bodø/Glimt,Eliteserien,2019/2020,5.2
Strømsgodset IF,Eliteserien,2019/2020,4.88
Sandefjord Fotball,Eliteserien,2019/2020,4.73
Rosenborg BK,Eliteserien,2020/2021,27.63
Molde FK,Eliteserien,2020/2021,20.9
SK Brann,Eliteserien,2020/2021,13.0
FK Bodø/Glimt,Eliteserien,2020/2021,12.2
Sarpsborg 08 FF,Eliteserien,2020/2021,10.2
Stabæk Fotball,Eliteserien,2020/2021,9.7
Viking FK,Eliteserien,2020/2021,9.65
Vålerenga Fotball Elite,Eliteserien,2020/2021,9.2
Lillestrøm SK,Eliteserien,2020/2021,8.05
FK Haugesund,Eliteserien,2020/2021,7.8
Strømsgodset IF,Eliteserien,2020/2021,7.53
Kristiansund BK,Eliteserien,2020/2021,7.38
Odds BK,Eliteserien,2020/2021,7.2
Tromsø IL,Eliteserien,2020/2021,5.3
Sandefjord Fotball,Eliteserien,2020/2021,4.93
Mjøndalen IF,Eliteserien,2020/2021,4.83
FK Bodø/Glimt,Eliteserien,2021/2022,23.5
Rosenborg BK,Eliteserien,2021/2022,19.23
Molde FK,Eliteserien,2021/2022,19.0
Vålerenga Fotball Elite,Eliteserien,2021/2022,14.38
Lillestrøm SK,Eliteserien,2021/2022,11.48
Sarpsborg 08 FF,Eliteserien,2021/2022,10.03
Viking FK,Eliteserien,2021/2022,9.48
Odds BK,Eliteserien,2021/2022,8.95
Aalesunds FK,Eliteserien,2021/2022,8.1
FK Haugesund,Eliteserien,2021/2022,6.73
Kristiansund BK,Eliteserien,2021/2022,6.15
Strømsgodset IF,Eliteserien,2021/2022,5.78
Sandefjord Fotball,Eliteserien,2021/2022,5.75
Tromsø IL,Eliteserien,2021/2022,4.8
Hamarkameratene,Eliteserien,2021/2022,4.7
FK Jerv,Eliteserien,2021/2022,4.38
FK Bodø/Glimt,Eliteserien,2022/2023,20.2
Molde FK,Eliteserien,2022/2023,19.85
Rosenborg BK,Eliteserien,2022/2023,14.55
Vålerenga Fotball Elite,Eliteserien,2022/2023,12.35
Viking FK,Eliteserien,2022/2023,12.33
Lillestrøm SK,Eliteserien,2022/2023,10.85
Aalesunds FK,Eliteserien,2022/2023,9.2
Sarpsborg 08 FF,Eliteserien,2022/2023,9.03
SK Brann,Eliteserien,2022/2023,7.65
Stabæk Fotball,Eliteserien,2022/2023,7.1
Hamarkameratene,Eliteserien,2022/2023,6.18
Odds BK,Eliteserien,2022/2023,5.88
FK Haugesund,Eliteserien,2022/2023,5.7
Strømsgodset IF,Eliteserien,2022/2023,5.38
Tromsø IL,Eliteserien,2022/2023,3.85
Sandefjord Fotball,Eliteserien,2022/2023,3.83
FK Bodø/Glimt,Eliteserien,2023/2024,39.13
Molde FK,Eliteserien,2023/2024,34.0
Rosenborg BK,Eliteserien,2023/2024,27.75
Viking FK,Eliteserien,2023/2024,14.45
Lillestrøm SK,Eliteserien,2023/2024,12.88
Sarpsborg 08 FF,Eliteserien,2023/2024,12.7
SK Brann,Eliteserien,2023/2024,11.1
Odds BK,Eliteserien,2023/2024,10.25
Hamarkameratene,Eliteserien,2023/2024,8.53
Fredrikstad FK,Eliteserien,2023/2024,7.6
Tromsø IL,Eliteserien,2023/2024,7.53
Strømsgodset IF,Eliteserien,2023/2024,5.95
Kristiansund BK,Eliteserien,2023/2024,5.9
FK Haugesund,Eliteserien,2023/2024,5.4
KFUM-Kameratene Oslo,Eliteserien,2023/2024,4.7
Sandefjord Fotball,Eliteserien,2023/2024,4.46
FK Bodø/Glimt,Eliteserien,2024/2025,42.28
Molde FK,Eliteserien,2024/2025,35.9
Rosenborg BK,Eliteserien,2024/2025,24.43
SK Brann,Eliteserien,2024/2025,22.3
Viking FK,Eliteserien,2024/2025,15.8
Sarpsborg 08 FF,Eliteserien,2024/2025,13.78
Tromsø IL,Eliteserien,2024/2025,13.53
Vålerenga Fotball Elite,Eliteserien,2024/2025,12.63
Strømsgodset IF,Eliteserien,2024/2025,9.73
Fredrikstad FK,Eliteserien,2024/2025,8.95
Kristiansund BK,Eliteserien,2024/2025,7.58
Hamarkameratene,Eliteserien,2024/2025,7.18
FK Haugesund,Eliteserien,2024/2025,6.73
KFUM-Kameratene Oslo,Eliteserien,2024/2025,6.63
Sandefjord Fotball,Eliteserien,2024/2025,6.25
Bryne FK,Eliteserien,2024/2025,5.43
Malmö FF,Allsvenskan,2019/2020,26.73
AIK,Allsvenskan,2019/2020,21.4
Helsingborgs IF,Allsvenskan,2019/2020,15.58
IFK Göteborg,Allsvenskan,2019/2020,15.4
IFK Norrköping,Allsvenskan,2019/2020,14.83
Djurgårdens IF,Allsvenskan,2019/2020,14.78
Hammarby IF,Allsvenskan,2019/2020,12.75
BK Häcken,Allsvenskan,2019/2020,11.89
Kalmar FF,Allsvenskan,2019/2020,10.25
IF Elfsborg,Allsvenskan,2019/2020,10.1
Örebro SK,Allsvenskan,2019/2020,7.75
Östersunds FK,Allsvenskan,2019/2020,6.88
IK Sirius,Allsvenskan,2019/2020,4.98
Mjällby AIF,Allsvenskan,2019/2020,4.43
Falkenbergs FF,Allsvenskan,2019/2020,4.15
Varbergs BoIS,Allsvenskan,2019/2020,2.18
Malmö FF,Allsvenskan,2020/2021,28.55
IFK Göteborg,Allsvenskan,2020/2021,26.75
Hammarby IF,Allsvenskan,2020/2021,17.25
Djurgårdens IF,Allsvenskan,2020/2021,16.9
AIK,Allsvenskan,2020/2021,16.63
BK Häcken,Allsvenskan,2020/2021,14.73
IFK Norrköping,Allsvenskan,2020/2021,12.9
Örebro SK,Allsvenskan,2020/2021,10.7
IF Elfsborg,Allsvenskan,2020/2021,9.25
Mjällby AIF,Allsvenskan,2020/2021,8.78
Kalmar FF,Allsvenskan,2020/2021,7.5
IK Sirius,Allsvenskan,2020/2021,7.08
Östersunds FK,Allsvenskan,2020/2021,6.85
Degerfors IF,Allsvenskan,2020/2021,5.05
Halmstads BK,Allsvenskan,2020/2021,4.48
Varbergs BoIS,Allsvenskan,2020/2021,3.95
Malmö FF,Allsvenskan,2021/2022,36.93
IFK Norrköping,Allsvenskan,2021/2022,22.15
AIK,Allsvenskan,2021/2022,20.35
BK Häcken,Allsvenskan,2021/2022,19.43
Hammarby IF,Allsvenskan,2021/2022,19.3
IF Elfsborg,Allsvenskan,2021/2022,18.95
Djurgårdens IF,Allsvenskan,2021/2022,17.25
IFK Göteborg,Allsvenskan,2021/2022,16.5
IK Sirius,Allsvenskan,2021/2022,11.2
Helsingborgs IF,Allsvenskan,2021/2022,9.03
Mjällby AIF,Allsvenskan,2021/2022,8.98
Kalmar FF,Allsvenskan,2021/2022,8.5
Degerfors IF,Allsvenskan,2021/2022,8.03
GIF Sundsvall,Allsvenskan,2021/2022,6.8
Varbergs BoIS,Allsvenskan,2021/2022,4.4
IFK Värnamo,Allsvenskan,2021/2022,2.9
Malmö FF,Allsvenskan,2022/2023,42.65
AIK,Allsvenskan,2022/2023,24.11
Djurgårdens IF,Allsvenskan,2022/2023,20.95
IF Elfsborg,Allsvenskan,2022/2023,20.05
BK Häcken,Allsvenskan,2022/2023,19.35
IFK Norrköping,Allsvenskan,2022/2023,18.98
Hammarby IF,Allsvenskan,2022/2023,17.1
IFK Göteborg,Allsvenskan,2022/2023,15.23
IK Sirius,Allsvenskan,2022/2023,11.9
Degerfors IF,Allsvenskan,2022/2023,8.93
Kalmar FF,Allsvenskan,2022/2023,8.64
IF Brommapojkarna,Allsvenskan,2022/2023,7.38
IFK Värnamo,Allsvenskan,2022/2023,6.81
Mjällby AIF,Allsvenskan,2022/2023,6.13
Halmstads BK,Allsvenskan,2022/2023,4.98
Varbergs BoIS,Allsvenskan,2022/2023,4.85
Malmö FF,Allsvenskan,2023/2024,42.95
BK Häcken,Allsvenskan,2023/2024,30.65
AIK,Allsvenskan,2023/2024,27.5
Djurgårdens IF,Allsvenskan,2023/2024,27.38
IFK Göteborg,Allsvenskan,2023/2024,20.35
IF Elfsborg,Allsvenskan,2023/2024,19.98
Hammarby IF,Allsvenskan,2023/2024,18.8
IFK Norrköping,Allsvenskan,2023/2024,15.65
Kalmar FF,Allsvenskan,2023/2024,14.11
IF Brommapojkarna,Allsvenskan,2023/2024,11.14
Halmstads BK,Allsvenskan,2023/2024,9.73
IFK Värnamo,Allsvenskan,2023/2024,8.71
IK Sirius,Allsvenskan,2023/2024,8.7
Västerås SK,Allsvenskan,2023/2024,8.32
Mjällby AIF,Allsvenskan,2023/2024,8.23
GAIS,Allsvenskan,2023/2024,2.05
Malmö FF,Allsvenskan,2024/2025,46.0
BK Häcken,Allsvenskan,2024/2025,30.43
Djurgårdens IF,Allsvenskan,2024/2025,28.4
AIK,Allsvenskan,2024/2025,27.75
IF Elfsborg,Allsvenskan,2024/2025,22.35
Hammarby IF,Allsvenskan,2024/2025,19.9
IFK Göteborg,Allsvenskan,2024/2025,18.5
IFK Norrköping,Allsvenskan,2024/2025,14.78
IK Sirius,Allsvenskan,2024/2025,13.2
IFK Värnamo,Allsvenskan,2024/2025,12.29
IF Brommapojkarna,Allsvenskan,2024/2025,11.55
Mjällby AIF,Allsvenskan,2024/2025,9.88
Halmstads BK,Allsvenskan,2024/2025,9.5
Östers IF,Allsvenskan,2024/2025,9.39
Degerfors IF,Allsvenskan,2024/2025,9.33
GAIS,Allsvenskan,2024/2025,6.18
Legia Warszawa,Ekstraklasa,2019/2020,34.68
Lech Poznan,Ekstraklasa,2019/2020,23.85
Jagiellonia Bialystok,Ekstraklasa,2019/2020,18.65
Lechia Gdansk,Ekstraklasa,2019/2020,14.45
Pogon Szczecin,Ekstraklasa,2019/2020,13.1
Piast Gliwice,Ekstraklasa,2019/2020,11.83
Zaglebie Lubin,Ekstraklasa,2019/2020,11.2
Cracovia,Ekstraklasa,2019/2020,10.78
Wisla Kraków,Ekstraklasa,2019/2020,10.1
Górnik Zabrze,Ekstraklasa,2019/2020,10.08
Slask Wroclaw,Ekstraklasa,2019/2020,9.15
Wisla Plock,Ekstraklasa,2019/2020,9.05
Arka Gdynia,Ekstraklasa,2019/2020,8.88
Korona Kielce,Ekstraklasa,2019/2020,8.0
Raków Częstochowa,Ekstraklasa,2019/2020,7.73
LKS Lodz,Ekstraklasa,2019/2020,6.6
Lech Poznan,Ekstraklasa,2020/2021,50.4
Legia Warszawa,Ekstraklasa,2020/2021,36.73
Raków Częstochowa,Ekstraklasa,2020/2021,23.93
Pogon Szczecin,Ekstraklasa,2020/2021,21.2
Jagiellonia Bialystok,Ekstraklasa,2020/2021,20.05
Cracovia,Ekstraklasa,2020/2021,17.53
Górnik Zabrze,Ekstraklasa,2020/2021,16.25
Zaglebie Lubin,Ekstraklasa,2020/2021,15.78
Wisla Kraków,Ekstraklasa,2020/2021,14.88
Lechia Gdansk,Ekstraklasa,2020/2021,14.5
Piast Gliwice,Ekstraklasa,2020/2021,13.9
Wisla Plock,Ekstraklasa,2020/2021,11.73
Slask Wroclaw,Ekstraklasa,2020/2021,11.45
Warta Poznan,Ekstraklasa,2020/2021,9.63
Stal Mielec,Ekstraklasa,2020/2021,7.5
Podbeskidzie Bielsko-Biala,Ekstraklasa,2020/2021,7.05
Lech Poznan,Ekstraklasa,2021/2022,46.55
Legia Warszawa,Ekstraklasa,2021/2022,36.78
Raków Częstochowa,Ekstraklasa,2021/2022,32.75
Pogon Szczecin,Ekstraklasa,2021/2022,28.68
Lechia Gdansk,Ekstraklasa,2021/2022,19.48
Górnik Zabrze,Ekstraklasa,2021/2022,18.05
Piast Gliwice,Ekstraklasa,2021/2022,16.75
Zaglebie Lubin,Ekstraklasa,2021/2022,16.7
Cracovia,Ekstraklasa,2021/2022,16.03
Slask Wroclaw,Ekstraklasa,2021/2022,13.95
Wisla Kraków,Ekstraklasa,2021/2022,13.23
Jagiellonia Bialystok,Ekstraklasa,2021/2022,13.1
Radomiak Radom,Ekstraklasa,2021/2022,12.53
Wisla Plock,Ekstraklasa,2021/2022,12.4
Warta Poznan,Ekstraklasa,2021/2022,10.33
Stal Mielec,Ekstraklasa,2021/2022,10.15
Bruk-Bet Termalica Nieciecza,Ekstraklasa,2021/2022,8.48
Gornik Leczna,Ekstraklasa,2021/2022,5.03
Raków Częstochowa,Ekstraklasa,2022/2023,38.23
Lech Poznan,Ekstraklasa,2022/2023,36.03
Legia Warszawa,Ekstraklasa,2022/2023,34.45
Pogon Szczecin,Ekstraklasa,2022/2023,19.2
Górnik Zabrze,Ekstraklasa,2022/2023,17.45
Cracovia,Ekstraklasa,2022/2023,17.13
Zaglebie Lubin,Ekstraklasa,2022/2023,15.3
Jagiellonia Bialystok,Ekstraklasa,2022/2023,14.88
Piast Gliwice,Ekstraklasa,2022/2023,12.68
Warta Poznan,Ekstraklasa,2022/2023,12.08
Radomiak Radom,Ekstraklasa,2022/2023,11.43
Slask Wroclaw,Ekstraklasa,2022/2023,10.7
Wisla Plock,Ekstraklasa,2022/2023,10.5
Widzew Lodz,Ekstraklasa,2022/2023,10.48
Stal Mielec,Ekstraklasa,2022/2023,9.73
Korona Kielce,Ekstraklasa,2022/2023,9.1
Miedz Legnica,Ekstraklasa,2022/2023,8.08
Lechia Gdansk,Ekstraklasa,2022/2023,7.78
Legia Warszawa,Ekstraklasa,2023/2024,43.63
Raków Częstochowa,Ekstraklasa,2023/2024,38.63
Lech Poznan,Ekstraklasa,2023/2024,32.6
Jagiellonia Bialystok,Ekstraklasa,2023/2024,21.78
Slask Wroclaw,Ekstraklasa,2023/2024,20.2
Górnik Zabrze,Ekstraklasa,2023/2024,18.8
Radomiak Radom,Ekstraklasa,2023/2024,18.58
Pogon Szczecin,Ekstraklasa,2023/2024,16.95
Zaglebie Lubin,Ekstraklasa,2023/2024,15.2
Cracovia,Ekstraklasa,2023/2024,13.45
Stal Mielec,Ekstraklasa,2023/2024,11.95
Piast Gliwice,Ekstraklasa,2023/2024,11.7
Widzew Lodz,Ekstraklasa,2023/2024,11.7
Korona Kielce,Ekstraklasa,2023/2024,9.45
Puszcza Niepolomice,Ekstraklasa,2023/2024,8.9
Ruch Chorzow,Ekstraklasa,2023/2024,8.88
LKS Lodz,Ekstraklasa,2023/2024,7.85
Warta Poznan,Ekstraklasa,2023/2024,7.35
Lech Poznan,Ekstraklasa,2024/2025,51.4
Raków Częstochowa,Ekstraklasa,2024/2025,44.48
Legia Warszawa,Ekstraklasa,2024/2025,43.55
Jagiellonia Bialystok,Ekstraklasa,2024/2025,36.85
Cracovia,Ekstraklasa,2024/2025,23.33
Pogon Szczecin,Ekstraklasa,2024/2025,20.9
Górnik Zabrze,Ekstraklasa,2024/2025,18.93
Zaglebie Lubin,Ekstraklasa,2024/2025,15.9
Slask Wroclaw,Ekstraklasa,2024/2025,14.66
Piast Gliwice,Ekstraklasa,2024/2025,14.1
Radomiak Radom,Ekstraklasa,2024/2025,13.73
Widzew Lodz,Ekstraklasa,2024/2025,13.7
Lechia Gdansk,Ekstraklasa,2024/2025,13.53
Motor Lublin,Ekstraklasa,2024/2025,12.98
Korona Kielce,Ekstraklasa,2024/2025,11.23
GKS Katowice,Ekstraklasa,2024/2025,10.3
Stal Mielec,Ekstraklasa,2024/2025,10.1
Puszcza Niepolomice,Ekstraklasa,2024/2025,7.9
SK Slavia Prague,Czech First League,2019/2020,62.8
AC Sparta Prague,Czech First League,2019/2020,36.08
FC Viktoria Plzen,Czech First League,2019/2020,31.05
FK Mlada Boleslav,Czech First League,2019/2020,18.88
FC Slovan Liberec,Czech First League,2019/2020,13.0
FK Jablonec,Czech First League,2019/2020,12.33
FC Banik Ostrava,Czech First League,2019/2020,10.9
SK Sigma Olomouc,Czech First League,2019/2020,9.75
FC Fastav Zlin,Czech First League,2019/2020,9.43
Bohemians Prague 1905,Czech First League,2019/2020,9.43
1.FC Slovacko,Czech First League,2019/2020,8.78
MFK Karvina,Czech First League,2019/2020,8.78
SK Dynamo Ceske Budejovice,Czech First League,2019/2020,8.63
FK Teplice,Czech First League,2019/2020,8.28
1.FK Pribram,Czech First League,2019/2020,8.2
Slezsky FC Opava,Czech First League,2019/2020,7.13
SK Slavia Prague,Czech First League,2020/2021,100.3
AC Sparta Prague,Czech First League,2020/2021,51.73
FC Viktoria Plzen,Czech First League,2020/2021,26.5
FC Slovan Liberec,Czech First League,2020/2021,15.13
FK Mlada Boleslav,Czech First League,2020/2021,15.13
FC Banik Ostrava,Czech First League,2020/2021,11.8
FK Jablonec,Czech First League,2020/2021,11.7
SK Sigma Olomouc,Czech First League,2020/2021,10.88
MFK Karvina,Czech First League,2020/2021,9.3
Bohemians Prague 1905,Czech First League,2020/2021,8.55
1.FC Slovacko,Czech First League,2020/2021,8.45
SK Dynamo Ceske Budejovice,Czech First League,2020/2021,8.43
FK Teplice,Czech First League,2020/2021,8.3
FC Zbrojovka Brno,Czech First League,2020/2021,8.1
FK Pardubice,Czech First League,2020/2021,8.0
FC Fastav Zlin,Czech First League,2020/2021,6.93
1.FK Pribram,Czech First League,2020/2021,6.33
Slezsky FC Opava,Czech First League,2020/2021,6.23
SK Slavia Prague,Czech First League,2021/2022,96.1
AC Sparta Prague,Czech First League,2021/2022,58.45
FC Viktoria Plzen,Czech First League,2021/2022,30.05
FC Banik Ostrava,Czech First League,2021/2022,15.68
1.FC Slovacko,Czech First League,2021/2022,10.9
FK Jablonec,Czech First League,2021/2022,10.5
FK Mlada Boleslav,Czech First League,2021/2022,10.08
FC Slovan Liberec,Czech First League,2021/2022,9.5
SK Sigma Olomouc,Czech First League,2021/2022,9.48
FC Hradec Kralove,Czech First League,2021/2022,8.33
FK Pardubice,Czech First League,2021/2022,8.3
Bohemians Prague 1905,Czech First League,2021/2022,8.15
SK Dynamo Ceske Budejovice,Czech First League,2021/2022,7.93
MFK Karvina,Czech First League,2021/2022,7.78
FK Teplice,Czech First League,2021/2022,7.66
FC Fastav Zlin,Czech First League,2021/2022,6.2
AC Sparta Prague,Czech First League,2022/2023,74.13
SK Slavia Prague,Czech First League,2022/2023,61.98
FC Viktoria Plzen,Czech First League,2022/2023,32.2
FC Banik Ostrava,Czech First League,2022/2023,13.05
SK Sigma Olomouc,Czech First League,2022/2023,12.38
FC Slovan Liberec,Czech First League,2022/2023,11.63
1.FC Slovacko,Czech First League,2022/2023,10.88
Bohemians Prague 1905,Czech First League,2022/2023,10.7
FK Jablonec,Czech First League,2022/2023,9.85
FC Hradec Kralove,Czech First League,2022/2023,9.78
FC Zbrojovka Brno,Czech First League,2022/2023,8.7
FK Pardubice,Czech First League,2022/2023,8.38
FK Mlada Boleslav,Czech First League,2022/2023,7.98
FK Teplice,Czech First League,2022/2023,7.48
SK Dynamo Ceske Budejovice,Czech First League,2022/2023,6.53
FC Trinity Zlin,Czech First League,2022/2023,6.3
SK Slavia Prague,Czech First League,2023/2024,87.88
AC Sparta Prague,Czech First League,2023/2024,86.08
FC Viktoria Plzen,Czech First League,2023/2024,48.43
FC Banik Ostrava,Czech First League,2023/2024,17.83
FK Teplice,Czech First League,2023/2024,12.49
SK Sigma Olomouc,Czech First League,2023/2024,12.45
FC Slovan Liberec,Czech First League,2023/2024,11.93
FK Pardubice,Czech First League,2023/2024,11.38
1.FC Slovacko,Czech First League,2023/2024,9.58
FC Hradec Kralove,Czech First League,2023/2024,9.53
FK Mlada Boleslav,Czech First League,2023/2024,9.5
FK Jablonec,Czech First League,2023/2024,9.48
Bohemians Prague 1905,Czech First League,2023/2024,9.0
SK Dynamo Ceske Budejovice,Czech First League,2023/2024,8.66
MFK Karvina,Czech First League,2023/2024,7.8
FC Zlin,Czech First League,2023/2024,7.48
SK Slavia Prague,Czech First League,2024/2025,149.59
AC Sparta Prague,Czech First League,2024/2025,89.8
FC Viktoria Plzen,Czech First League,2024/2025,64.0
FC Banik Ostrava,Czech First League,2024/2025,30.15
MFK Karvina,Czech First League,2024/2025,20.38
FK Mlada Boleslav,Czech First League,2024/2025,19.85
FC Slovan Liberec,Czech First League,2024/2025,18.53
SK Sigma Olomouc,Czech First League,2024/2025,13.4
FK Teplice,Czech First League,2024/2025,13.38
FC Hradec Kralove,Czech First League,2024/2025,12.15
1.FC Slovacko,Czech First League,2024/2025,10.99
FK Jablonec,Czech First League,2024/2025,10.7
FK Pardubice,Czech First League,2024/2025,9.86
SK Dynamo Ceske Budejovice,Czech First League,2024/2025,8.15
FK Dukla Prague,Czech First League,2024/2025,7.3
Bohemians Prague 1905,Czech First League,2024/2025,6.15
Ferencvárosi TC,Nemzeti Bajnokság,2019/2020,21.9
MOL Vidi FC,Nemzeti Bajnokság,2019/2020,20.0
Budapest Honvéd FC,Nemzeti Bajnokság,2019/2020,9.78
Puskás Akadémia FC,Nemzeti Bajnokság,2019/2020,9.28
Debreceni VSC,Nemzeti Bajnokság,2019/2020,7.98
Diósgyőri VTK,Nemzeti Bajnokság,2019/2020,7.48
Mezőkövesd Zsóry FC,Nemzeti Bajnokság,2019/2020,7.33
Újpest FC,Nemzeti Bajnokság,2019/2020,7.15
Kisvárda FC,Nemzeti Bajnokság,2019/2020,6.75
Zalaegerszegi TE FC,Nemzeti Bajnokság,2019/2020,6.35
Paksi FC,Nemzeti Bajnokság,2019/2020,6.15
Kaposvári Rákóczi FC,Nemzeti Bajnokság,2019/2020,4.9
Ferencvárosi TC,Nemzeti Bajnokság,2020/2021,34.01
Videoton FC Fehérvár,Nemzeti Bajnokság,2020/2021,22.38
Puskás Akadémia FC,Nemzeti Bajnokság,2020/2021,11.04
MTK Budapest,Nemzeti Bajnokság,2020/2021,10.35
Budapest Honvéd FC,Nemzeti Bajnokság,2020/2021,10.1
Újpest FC,Nemzeti Bajnokság,2020/2021,9.45
Mezőkövesd Zsóry FC,Nemzeti Bajnokság,2020/2021,8.7
Kisvárda FC,Nemzeti Bajnokság,2020/2021,8.0
Diósgyőri VTK,Nemzeti Bajnokság,2020/2021,7.78
Paksi FC,Nemzeti Bajnokság,2020/2021,7.58
Zalaegerszegi TE FC,Nemzeti Bajnokság,2020/2021,7.3
Budafoki MTE,Nemzeti Bajnokság,2020/2021,4.95
Ferencvárosi TC,Nemzeti Bajnokság,2021/2022,47.3
Videoton FC Fehérvár,Nemzeti Bajnokság,2021/2022,26.23
Puskás Akadémia FC,Nemzeti Bajnokság,2021/2022,13.3
Budapest Honvéd FC,Nemzeti Bajnokság,2021/2022,11.63
MTK Budapest,Nemzeti Bajnokság,2021/2022,10.43
Kisvárda FC,Nemzeti Bajnokság,2021/2022,9.35
Újpest FC,Nemzeti Bajnokság,2021/2022,9.28
Zalaegerszegi TE FC,Nemzeti Bajnokság,2021/2022,8.83
Paksi FC,Nemzeti Bajnokság,2021/2022,8.78
Mezőkövesd Zsóry FC,Nemzeti Bajnokság,2021/2022,8.48
Debreceni VSC,Nemzeti Bajnokság,2021/2022,8.13
Gyirmót FC Győr,Nemzeti Bajnokság,2021/2022,6.83
Ferencvárosi TC,Nemzeti Bajnokság,2022/2023,50.96
Fehérvár FC,Nemzeti Bajnokság,2022/2023,17.78
Puskás Akadémia FC,Nemzeti Bajnokság,2022/2023,14.28
Debreceni VSC,Nemzeti Bajnokság,2022/2023,12.65
Újpest FC,Nemzeti Bajnokság,2022/2023,10.64
Mezőkövesd Zsóry FC,Nemzeti Bajnokság,2022/2023,9.45
Kisvárda FC,Nemzeti Bajnokság,2022/2023,9.28
Paksi FC,Nemzeti Bajnokság,2022/2023,8.25
Kecskeméti TE,Nemzeti Bajnokság,2022/2023,8.18
Zalaegerszegi TE FC,Nemzeti Bajnokság,2022/2023,7.53
Budapest Honvéd FC,Nemzeti Bajnokság,2022/2023,6.94
Vasas FC,Nemzeti Bajnokság,2022/2023,6.3
Ferencvárosi TC,Nemzeti Bajnokság,2023/2024,57.2
Videoton FC Fehérvár,Nemzeti Bajnokság,2023/2024,16.9
Puskás Akadémia FC,Nemzeti Bajnokság,2023/2024,13.13
Debreceni VSC,Nemzeti Bajnokság,2023/2024,12.38
Zalaegerszegi TE FC,Nemzeti Bajnokság,2023/2024,11.44
Diósgyőri VTK,Nemzeti Bajnokság,2023/2024,10.18
Paksi FC,Nemzeti Bajnokság,2023/2024,9.25
Újpest FC,Nemzeti Bajnokság,2023/2024,9.25
Kecskeméti TE,Nemzeti Bajnokság,2023/2024,8.94
MTK Budapest,Nemzeti Bajnokság,2023/2024,8.48
Kisvárda FC,Nemzeti Bajnokság,2023/2024,7.39
Mezőkövesd Zsóry FC,Nemzeti Bajnokság,2023/2024,7.28
Ferencvárosi TC,Nemzeti Bajnokság,2024/2025,64.93
Puskás Akadémia FC,Nemzeti Bajnokság,2024/2025,15.38
Videoton FC Fehérvár,Nemzeti Bajnokság,2024/2025,15.0
Újpest FC,Nemzeti Bajnokság,2024/2025,14.55
Debreceni VSC,Nemzeti Bajnokság,2024/2025,12.75
Paksi FC,Nemzeti Bajnokság,2024/2025,11.3
ETO FC Győr,Nemzeti Bajnokság,2024/2025,10.36
MTK Budapest,Nemzeti Bajnokság,2024/2025,9.95
Diósgyőri VTK,Nemzeti Bajnokság,2024/2025,9.86
Nyíregyháza Spartacus,Nemzeti Bajnokság,2024/2025,9.75
Kecskeméti TE,Nemzeti Bajnokság,2024/2025,8.0
Zalaegerszegi TE FC,Nemzeti Bajnokság,2024/2025,7.45
FCSB,Liga I,2019/2020,36.48
CFR Cluj,Liga I,2019/2020,28.05
CS Universitatea Craiova,Liga I,2019/2020,24.4
FC Viitorul Constanta,Liga I,2019/2020,20.98
Astra Giurgiu (- 2024),Liga I,2019/2020,17.98
FC Dinamo 1948,Liga I,2019/2020,13.33
FC Botosani,Liga I,2019/2020,11.43
FC Voluntari,Liga I,2019/2020,11.4
ACSM Politehnica Iasi,Liga I,2019/2020,10.23
Gaz Metan Medias (- 2022),Liga I,2019/2020,9.95
Sepsi OSK Sf. Gheorghe,Liga I,2019/2020,9.63
FC Hermannstadt,Liga I,2019/2020,8.83
AFC Chindia Targoviste,Liga I,2019/2020,7.65
Academica Clinceni,Liga I,2019/2020,7.65
FCSB,Liga I,2020/2021,44.18
CS Universitatea Craiova,Liga I,2020/2021,35.09
CFR Cluj,Liga I,2020/2021,31.65
FC Viitorul Constanta,Liga I,2020/2021,20.31
Astra Giurgiu (- 2024),Liga I,2020/2021,16.01
FC Dinamo 1948,Liga I,2020/2021,15.36
FC Botosani,Liga I,2020/2021,13.73
Sepsi OSK Sf. Gheorghe,Liga I,2020/2021,12.78
FC Voluntari,Liga I,2020/2021,10.19
Academica Clinceni,Liga I,2020/2021,10.1
FC Hermannstadt,Liga I,2020/2021,9.85
UTA Arad,Liga I,2020/2021,9.58
Gaz Metan Medias (- 2022),Liga I,2020/2021,9.33
AFC Chindia Targoviste,Liga I,2020/2021,8.65
ACSC FC Arges,Liga I,2020/2021,7.61
ACSM Politehnica Iasi,Liga I,2020/2021,6.3
FCSB,Liga I,2021/2022,41.13
CFR Cluj,Liga I,2021/2022,36.87
CS Universitatea Craiova,Liga I,2021/2022,29.0
FCV Farul Constanta,Liga I,2021/2022,18.89
FC Botosani,Liga I,2021/2022,14.33
Sepsi OSK Sf. Gheorghe,Liga I,2021/2022,13.78
FC Rapid 1923,Liga I,2021/2022,12.86
FC Voluntari,Liga I,2021/2022,12.8
FC Dinamo 1948,Liga I,2021/2022,12.72
AFC Chindia Targoviste,Liga I,2021/2022,10.78
UTA Arad,Liga I,2021/2022,10.4
ACSC FC Arges,Liga I,2021/2022,9.99
Gaz Metan Medias (- 2022),Liga I,2021/2022,9.79
FC U Craiova 1948,Liga I,2021/2022,8.89
Academica Clinceni,Liga I,2021/2022,6.85
CS Mioveni,Liga I,2021/2022,6.29
FCSB,Liga I,2022/2023,43.35
CFR Cluj,Liga I,2022/2023,36.95
FCV Farul Constanta,Liga I,2022/2023,26.55
CS Universitatea Craiova,Liga I,2022/2023,22.2
FC Rapid 1923,Liga I,2022/2023,19.05
Sepsi OSK Sf. Gheorghe,Liga I,2022/2023,17.61
FC U Craiova 1948,Liga I,2022/2023,15.58
FC Universitatea Cluj,Liga I,2022/2023,13.26
UTA Arad,Liga I,2022/2023,12.05
FC Voluntari,Liga I,2022/2023,11.58
FC Botosani,Liga I,2022/2023,11.18
ACSC FC Arges,Liga I,2022/2023,11.08
Petrolul Ploiesti,Liga I,2022/2023,10.46
FC Hermannstadt,Liga I,2022/2023,10.34
AFC Chindia Targoviste,Liga I,2022/2023,9.83
CS Mioveni,Liga I,2022/2023,7.2
FCSB,Liga I,2023/2024,41.98
FC Rapid 1923,Liga I,2023/2024,30.05
FCV Farul Constanta,Liga I,2023/2024,28.55
CFR Cluj,Liga I,2023/2024,26.48
CS Universitatea Craiova,Liga I,2023/2024,24.45
Sepsi OSK Sf. Gheorghe,Liga I,2023/2024,17.4
FC Universitatea Cluj,Liga I,2023/2024,16.23
UTA Arad,Liga I,2023/2024,13.83
FC Hermannstadt,Liga I,2023/2024,13.33
Petrolul Ploiesti,Liga I,2023/2024,12.65
FC Botosani,Liga I,2023/2024,11.98
FC Dinamo 1948,Liga I,2023/2024,11.78
SC Otelul Galati,Liga I,2023/2024,10.38
FC Voluntari,Liga I,2023/2024,9.73
FC U Craiova 1948,Liga I,2023/2024,9.65
ACSM Politehnica Iasi,Liga I,2023/2024,9.6
FCSB,Liga I,2024/2025,52.8
CFR Cluj,Liga I,2024/2025,39.45
FC Rapid 1923,Liga I,2024/2025,37.0
CS Universitatea Craiova,Liga I,2024/2025,29.95
FC Universitatea Cluj,Liga I,2024/2025,19.85
FC Dinamo 1948,Liga I,2024/2025,18.0
Sepsi OSK Sf. Gheorghe,Liga I,2024/2025,16.19
FCV Farul Constanta,Liga I,2024/2025,15.96
SC Otelul Galati,Liga I,2024/2025,13.8
Petrolul Ploiesti,Liga I,2024/2025,13.19
FC Hermannstadt,Liga I,2024/2025,12.75
FC Botosani,Liga I,2024/2025,12.38
UTA Arad,Liga I,2024/2025,12.35
ACSM Politehnica Iasi,Liga I,2024/2025,11.11
ASFC Buzau (2016-2025),Liga I,2024/2025,8.22
AFC Unirea 04 Slobozia,Liga I,2024/2025,8.14
Olympiacos Piraeus,Super League Greece,2019/2020,82.58
PAOK Thessaloniki,Super League Greece,2019/2020,53.55
AEK Athens,Super League Greece,2019/2020,30.53
Panathinaikos,Super League Greece,2019/2020,20.25
AE Larisa,Super League Greece,2019/2020,13.43
Atromitos Athens,Super League Greece,2019/2020,12.75
Aris Thessaloniki,Super League Greece,2019/2020,11.73
Asteras Tripolis,Super League Greece,2019/2020,11.2
OFI Crete,Super League Greece,2019/2020,9.78
AO Xanthi,Super League Greece,2019/2020,9.38
Panetolikos,Super League Greece,2019/2020,8.85
Volos NFC,Super League Greece,2019/2020,8.4
PAS Lamia 1964,Super League Greece,2019/2020,7.88
Panionios FC,Super League Greece,2019/2020,7.13
Olympiacos Piraeus,Super League Greece,2020/2021,113.7
PAOK Thessaloniki,Super League Greece,2020/2021,93.65
AEK Athens,Super League Greece,2020/2021,40.15
Panathinaikos,Super League Greece,2020/2021,28.6
Aris Thessaloniki,Super League Greece,2020/2021,18.33
OFI Crete,Super League Greece,2020/2021,14.2
Atromitos Athens,Super League Greece,2020/2021,12.15
AE Larisa,Super League Greece,2020/2021,11.75
Volos NFC,Super League Greece,2020/2021,10.85
Asteras Tripolis,Super League Greece,2020/2021,10.45
Panetolikos,Super League Greece,2020/2021,9.78
PAS Lamia 1964,Super League Greece,2020/2021,9.35
PAS Giannina,Super League Greece,2020/2021,8.35
Apollon Smyrnis,Super League Greece,2020/2021,7.4
Olympiacos Piraeus,Super League Greece,2021/2022,118.68
PAOK Thessaloniki,Super League Greece,2021/2022,76.15
AEK Athens,Super League Greece,2021/2022,48.83
Panathinaikos,Super League Greece,2021/2022,34.75
Aris Thessaloniki,Super League Greece,2021/2022,25.68
OFI Crete,Super League Greece,2021/2022,15.25
Atromitos Athens,Super League Greece,2021/2022,14.05
PAS Giannina,Super League Greece,2021/2022,10.45
Volos NFC,Super League Greece,2021/2022,10.3
Panetolikos,Super League Greece,2021/2022,10.25
Asteras Tripolis,Super League Greece,2021/2022,9.93
Ionikos Nikeas,Super League Greece,2021/2022,9.9
PAS Lamia 1964,Super League Greece,2021/2022,7.85
Apollon Smyrnis,Super League Greece,2021/2022,6.8
Olympiacos Piraeus,Super League Greece,2022/2023,136.73
PAOK Thessaloniki,Super League Greece,2022/2023,61.33
AEK Athens,Super League Greece,2022/2023,57.15
Panathinaikos,Super League Greece,2022/2023,49.98
Aris Thessaloniki,Super League Greece,2022/2023,33.65
Volos NFC,Super League Greece,2022/2023,16.65
OFI Crete,Super League Greece,2022/2023,15.73
Atromitos Athens,Super League Greece,2022/2023,14.08
Panetolikos,Super League Greece,2022/2023,13.38
Levadiakos,Super League Greece,2022/2023,11.68
PAS Lamia 1964,Super League Greece,2022/2023,10.93
PAS Giannina,Super League Greece,2022/2023,10.9
Asteras Tripolis,Super League Greece,2022/2023,10.68
Ionikos Nikeas,Super League Greece,2022/2023,9.6
Olympiacos Piraeus,Super League Greece,2023/2024,133.7
PAOK Thessaloniki,Super League Greece,2023/2024,91.8
Panathinaikos,Super League Greece,2023/2024,73.18
AEK Athens,Super League Greece,2023/2024,70.6
Aris Thessaloniki,Super League Greece,2023/2024,32.15
OFI Crete,Super League Greece,2023/2024,16.65
Atromitos Athens,Super League Greece,2023/2024,14.78
Volos NFC,Super League Greece,2023/2024,13.9
Panetolikos,Super League Greece,2023/2024,13.63
Asteras Tripolis,Super League Greece,2023/2024,13.33
Panserraikos,Super League Greece,2023/2024,12.15
AE Kifisia,Super League Greece,2023/2024,10.0
PAS Giannina,Super League Greece,2023/2024,9.53
PAS Lamia 1964,Super League Greece,2023/2024,9.03
Olympiacos Piraeus,Super League Greece,2024/2025,135.5
PAOK Thessaloniki,Super League Greece,2024/2025,125.18
Panathinaikos,Super League Greece,2024/2025,97.78
AEK Athens,Super League Greece,2024/2025,74.25
Aris Thessaloniki,Super League Greece,2024/2025,34.75
OFI Crete,Super League Greece,2024/2025,16.88
Asteras Aktor,Super League Greece,2024/2025,14.68
Panserraikos,Super League Greece,2024/2025,14.5
Panetolikos,Super League Greece,2024/2025,11.78
Atromitos Athens,Super League Greece,2024/2025,11.58
Volos NFC,Super League Greece,2024/2025,11.53
Levadiakos,Super League Greece,2024/2025,10.88
PAS Lamia 1964,Super League Greece,2024/2025,10.25
Athens Kallithea,Super League Greece,2024/2025,9.59
